3.537108689331084861e+02,6.732223197188635933e-02,-2.310973874219851965e+01
3.302397053610812350e+02,2.559566675376214184e-01,-2.214213859486262592e+01
1.298982508795045305e+02,1.337877512060276219e-01,-1.119435960308654998e+01
9.857610766939960740e+02,-4.367618956009331477e-01,-1.433998874060711026e+00
5.541289932004065832e+01,-3.187180842483753329e-01,-5.435763015357808037e+00
7.285485325598153850e+01,2.845799086613195472e-01,-6.839097034084517190e+00
9.566341703836433226e+02,1.259078865682108916e-01,-4.047283954063119360e+00
1.385322768464036471e+02,9.192904878928584433e-02,-1.236226406840457592e+01
8.143193986698588560e+02,2.285304564042118028e-02,-1.509869602836200109e+01
5.686298613214584066e+02,1.030387399148590954e-01,-2.464529332272150342e+01
1.492969970377070581e+02,3.332190597340950466e-02,-1.259177152953199830e+01
9.882391570612036276e+02,4.607263571558125048e-01,-7.703605664060088065e-01
1.154314361646109148e+02,-2.515754426240833230e-01,-1.015069109417970772e+01
9.682591505284790401e+02,1.872954814707195326e-01,-3.351172533558333555e+00
5.568165276756089952e+02,-1.911552622636265505e-02,-2.443902172536439465e+01
4.083324766465613038e+02,-5.328876315192208057e-01,-2.397818735737701701e+01
5.307657266582504008e+01,1.107770513069996493e-01,-5.067262528240972230e+00
7.508916428514637573e+02,-4.496655319080553603e-01,-1.873196757095887222e+01
3.848974600488384681e+02,3.773660663591874714e-02,-2.342756145705939375e+01
4.403497422897086153e+02,2.098674686103399745e-01,-2.474999301171619237e+01
3.890641893157176128e+02,2.313516220306561233e-01,-2.427771811089501242e+01
7.983318929348522488e+02,-3.996897469661863100e-01,-1.582670959698130275e+01
3.851540829110783761e+02,9.836181622597403584e-02,-2.343532651354198393e+01
4.565088502840752227e+01,7.446330856234653628e-02,-4.005076043894307602e+00
2.076234421420619753e+02,-2.778047439598317347e-01,-1.661334692621750619e+01
2.511150823624543591e+02,-8.282598113084076175e-02,-1.858193786062864206e+01
3.836511073858265490e+02,-3.916000736127164261e-01,-2.346429326855387743e+01
9.903599262665563856e+02,-9.275966938739735324e-02,-5.477132245177521730e-01
4.882600851232267587e+02,2.019891347164322337e-01,-2.511206607493183185e+01
3.175979305128120131e+02,-4.913661268549882749e-02,-2.173510472889992684e+01
6.292596097668935045e+02,-1.711705860960662517e-01,-2.380172415886714532e+01
8.838071474053522536e+01,-2.179175059382184032e-01,-8.180857037037842616e+00
2.198257884208221071e+02,-7.852649387852127238e-02,-1.737733510290041394e+01
6.339527532729225641e+02,5.667537189771238992e-01,-2.370003916991834814e+01
1.741701498273455400e+02,-1.515561196510660166e-02,-1.447407827576351025e+01
1.319266884230583514e+02,-2.164505752841200132e-04,-1.171640716419324590e+01
7.399095426285276744e+02,-6.903195500050267330e-02,-1.958523784895399089e+01
1.095393107291582027e+02,3.161631003540715246e-01,-9.933616393035189063e+00
6.754854262030044083e+02,-6.041256908647972823e-01,-2.194613159861632923e+01
8.995272166709869452e+02,-2.087378807553119386e-01,-9.082028650879090392e+00
1.532614682180253567e+02,-2.880850205026114219e-01,-1.319891879611355279e+01
5.629518212426197579e+02,-2.121631965227062655e-01,-2.424582726752253947e+01
9.231537054467110011e+02,-1.125280461624397627e-01,-7.171633353705013647e+00
1.053578372579440128e+02,2.318078240190409312e-01,-9.580229961920162296e+00
8.630894051618893172e+02,4.479899553116674094e-01,-1.180317674051028121e+01
5.694199720823519328e+02,-1.999274378833116039e-01,-2.452893644944732188e+01
7.340730410539276818e+02,-2.859225792934692034e-01,-1.969169551733888568e+01
7.926822736120548996e+01,2.403425202069813804e-01,-7.435209610532277580e+00
1.283188245043432971e+02,-6.791320392377619974e-01,-1.106326173011040659e+01
3.216277572865201364e+02,1.371809572946920963e-01,-2.193720950913272461e+01
9.115987703498260544e+02,-1.642203578584319479e-01,-8.156702607070791089e+00
3.546795113490392737e+02,2.106753703440185088e-01,-2.298816826427516347e+01
8.864910846038022783e+02,-1.640395691959700142e-01,-1.082977258240942930e+01
6.151062010535930540e+02,-8.295289641404350600e-02,-2.350582450214224295e+01
2.262105402696634826e+02,-2.491903440696753014e-01,-1.742030092810595931e+01
3.340876215680621897e+01,-1.579946161568930030e-01,-3.454040664205995981e+00
2.802820940352846151e+02,-2.232758485535787651e-01,-2.034574570723655995e+01
6.210886892468373555e-01,1.314306533046337433e-01,3.392193559264669589e-01
8.020338566210853060e+02,-7.998000549210232402e-02,-1.573919484486345155e+01
8.660755522448312149e+02,4.627899725212074045e-01,-1.171175396334738394e+01
3.923004295631353671e+02,-1.088095025116021936e-01,-2.419955059128997021e+01
8.841065925537443491e+02,-2.852117159583784090e-01,-1.027459808268834607e+01
2.754339877122449138e+02,1.521820809812399755e-01,-1.988668031126305635e+01
9.423815837320514675e+02,7.345876902019289438e-03,-6.171539356445145508e+00
2.095410785538363712e+02,-2.881930201147591131e-01,-1.640023760930160179e+01
4.093685510190949799e+02,-6.042239046330268731e-02,-2.379673046177299867e+01
7.928114782484202578e+02,-5.023469934605601095e-01,-1.657458258348825808e+01
7.038459588579947876e+02,2.730975937929066566e-01,-2.080822648416755882e+01
7.668770988150804442e+02,3.569391876238364736e-02,-1.761952044011886187e+01
9.111483062706952296e+00,9.622334888448458301e-02,-9.909656166226975538e-01
5.813706490966084175e+02,-1.012312490111673263e-01,-2.420950686414050779e+01
6.850506855262876797e+02,1.025236450636822921e-01,-2.163960285574688669e+01
2.951645014049873339e+02,7.148099051469816246e-04,-2.071063502407167434e+01
4.211743832829811254e+02,2.055825582071442795e-02,-2.420032030809288770e+01
1.094955003483721327e+02,-3.246896082435304920e-01,-1.042025506922564482e+01
4.617119659066806321e+02,6.955977358933772559e-01,-2.469095595085696004e+01
8.555664169196866169e+02,-4.499698537181519298e-02,-1.186306105906282404e+01
3.993395184409384910e+02,-5.606723452471563951e-02,-2.416803797184434544e+01
7.492049172823325875e+01,1.441177780954755738e-01,-7.047304740589897420e+00
8.536360783540604871e+02,-4.896516077074175022e-01,-1.263006620259495172e+01
7.555835094564902192e+02,-1.635179730509535023e-01,-1.873404795201574657e+01
2.352125022156152454e+02,-1.919238131894502597e-01,-1.797415046021221841e+01
6.123318950268334220e+02,1.864901636226202752e-01,-2.381283358808068229e+01
4.762443273594582251e+02,-4.973587624568451271e-01,-2.521891644056657356e+01
8.033867808719321602e+02,2.224373644253044846e-01,-1.557614154989079580e+01
7.582513247423514713e+02,4.629531485011137426e-02,-1.796580847548805693e+01
4.770067174084454678e+02,-1.332065242278199779e-01,-2.474510405001958446e+01
5.934989075106343535e+02,-8.904115298729414762e-02,-2.408602804604999292e+01
8.141341628106155213e+02,1.000375405399898388e-01,-1.497916389433003204e+01
5.730340545215816519e+02,-4.056147415690455199e-02,-2.465507578425960844e+01
5.639639030580572125e+02,-3.600349301196188456e-01,-2.447772062578159691e+01
2.390460134267174226e+02,4.507915136361823616e-01,-1.785780395537345200e+01
1.001345469847594671e+02,-1.843412072719329553e-01,-8.687028310933966324e+00
8.709467682820394074e+00,2.256556309082578260e-01,-1.147447768041357286e+00
9.290494158555929971e+02,-5.881321299720619622e-02,-6.546454566383219209e+00
8.598710896442820228e+01,-5.206507373013657264e-02,-8.049211312568907317e+00
7.922809373939982152e+02,-8.330584480317200502e-02,-1.633752962249371876e+01
2.207719725344259416e+02,3.564135943744307922e-02,-1.735345614760419153e+01
7.906683419632585128e+02,-4.483932107893411900e-01,-1.660167308480860981e+01
9.974764477583084954e+02,1.459347046083029897e-01,-1.560886540236167686e-01
5.657957541334621965e+03,-3.486994505189495164e-01,-2.247873954691389642e+01
5.730027848033057126e+03,-2.263741759136394804e-01,-1.960357625824662264e+01
5.601095654925690724e+03,2.242404254914864004e-01,-2.376101375399806059e+01
5.156744684670406059e+03,-1.689007440888009304e-01,-1.326450514165004080e+01
5.031445240460581772e+03,2.313206500683209210e-01,-2.849485508127115541e+00
5.096613628340562173e+03,-1.513462475747453240e-01,-8.944932504928514660e+00
5.404321535431207849e+03,1.113393216825253607e-01,-2.395544961117916216e+01
5.815855437490814438e+03,2.366018491903652265e-01,-1.493218921726376358e+01
5.786726102224713031e+03,-3.189788668823394513e-01,-1.660286761306290870e+01
5.406249810806348250e+03,8.989971252965933170e-04,-2.416791320692949085e+01
5.889527559118320823e+03,2.617094435909686836e-02,-9.483996322124461642e+00
5.738053103281245967e+03,1.882920881611246655e-01,-1.934393505458012186e+01
5.183646004294299928e+03,6.511668076541665684e-01,-1.536231264052556078e+01
5.116959874391852281e+03,-3.061237589881483090e-01,-1.081476712526599648e+01
5.249377270621722346e+03,-9.233551427081408691e-02,-1.890189984613031982e+01
5.010925329786254224e+03,2.585723082199772177e-02,-9.237596002361339043e-01
5.772153063348454452e+03,-3.752211909401185208e-01,-1.773970436701118558e+01
5.015833293823248823e+03,-3.856991227182353654e-01,-1.514915348720693888e+00
5.809304073010395769e+03,-7.588791979241218955e-02,-1.509699949486806503e+01
5.801771098488179632e+03,-3.219534176596564601e-01,-1.600484400091305304e+01
5.482284242202248606e+03,-8.467228884786404119e-02,-2.519739064086611080e+01
5.005044955110560295e+03,-1.778736336452846345e-01,-8.992500302728325678e-01
5.896561288676198274e+03,-3.416390631464317207e-01,-9.576438684908689325e+00
5.038401488802420317e+03,4.310968884464164708e-01,-3.830901251993732437e+00
5.423083257624043654e+03,-4.130258801624077380e-02,-2.424721302300676840e+01
5.633557738619100746e+03,2.719698888093943223e-01,-2.355062308833808871e+01
5.770895297024448155e+03,5.532147083698261275e-04,-1.785408034517138987e+01
5.128953310542304280e+03,-9.251333131691034939e-02,-1.130637324047045844e+01
5.242472494673290385e+03,-2.690556820392516757e-01,-1.831231048157269115e+01
5.161029207690935436e+03,-3.596339453003946640e-01,-1.383034756482740590e+01
5.930755609143298898e+03,2.698983700727820012e-01,-6.276879997618227236e+00
5.682040295085012986e+03,-1.312732162170862360e-01,-2.168506271910499805e+01
5.382931785073507854e+03,3.245411844609456115e-02,-2.378068063866022541e+01
5.091890713254553702e+03,-1.699769499260133654e-01,-8.358062609724397518e+00
5.215965700359668517e+03,1.042460769602203685e-01,-1.673760713078951312e+01
5.219173454758679327e+03,-9.483149671494449373e-02,-1.677806258779997250e+01
5.674014496879235594e+03,1.303425755704050726e-01,-2.185014492383125173e+01
5.018360751621022246e+03,3.373367434853984936e-01,-1.930521961952456733e+00
5.463025903135645422e+03,-2.278942976036065493e-01,-2.483801909089298832e+01
5.895835227133699846e+03,2.049060598080107987e-01,-9.551193111577124029e+00
5.909526311572217310e+03,2.133788396555141575e-01,-8.614894109020827528e+00
5.917033311818883703e+03,-1.243208192068884360e-01,-7.867483807711237453e+00
5.805867464878985629e+03,3.763215893015622870e-01,-1.524390761659203797e+01
5.100637527806739854e+03,2.042927412724761596e-02,-8.952010449070607834e+00
5.468585713292187393e+03,-6.694257453413569037e-01,-2.466726184546855905e+01
5.265965993940823864e+03,-2.375825626719805517e-01,-1.959397279931299352e+01
5.768948163434117305e+03,1.436617378666596723e-01,-1.786368764801905584e+01
5.626198207907747928e+03,2.881938223895887385e-01,-2.332553319728744867e+01
5.347564625867274117e+03,1.954971204188289124e-01,-2.297340830800723666e+01
5.433270308029345870e+03,-1.648544498349119591e-01,-2.480503747390867275e+01
5.710031369785750940e+03,2.923811456433386691e-01,-2.086534600600622014e+01
5.789262929173361044e+03,-1.255987071669368016e-01,-1.650368760815606706e+01
5.953185759087038605e+03,1.965485329674107606e-01,-4.377012361338141311e+00
5.293106062933057729e+03,-2.284390849639542365e-01,-2.048972323198139733e+01
5.018380115921557262e+03,3.256851662523080337e-01,-1.602288792742751378e+00
5.152288224952813835e+03,2.170228777324165192e-01,-1.306104441271850547e+01
5.545432380568977351e+03,1.551897610583606035e-01,-2.463668032402691921e+01
5.315246257061463439e+03,1.335137219241696038e-01,-2.193218372507750402e+01
5.216032215744533460e+03,-4.181360669255640983e-01,-1.654537574508347930e+01
5.719333095259863512e+03,9.883904799605641722e-02,-2.039724273512507580e+01
5.574164246747023753e+03,-7.884359544076414983e-02,-2.395030121361867970e+01
5.260583569713561701e+03,7.478908453432278614e-02,-1.915242758630469666e+01
5.884564008468154498e+03,-2.205763847065738970e-01,-1.015120448339076198e+01
5.658543834221929501e+03,-2.356537230289089124e-01,-2.235799375013849399e+01
5.817645227666635947e+03,-2.926779653881447091e-02,-1.499196795030758089e+01
5.663338677913993706e+03,1.431777961475815542e-01,-2.276990399409747567e+01
5.571634240114139175e+03,-5.095985965265652923e-02,-2.495779369854853513e+01
5.642360588216206452e+03,6.541624482740868163e-02,-2.302882689234171565e+01
5.695134511704600300e+03,1.242941295961454834e-01,-2.112611388804754142e+01
5.109451400543048294e+03,2.642484623316111725e-02,-9.866456053688891004e+00
5.427008014125194677e+03,2.863521170349617173e-01,-2.491860462143005250e+01
5.448097524071018597e+03,1.820116488516249631e-01,-2.459513331351659104e+01
5.602602323669010730e+03,5.335592317523851769e-01,-2.378523034197779396e+01
5.187353218168770582e+03,-1.593142430312166624e-01,-1.557743380287221058e+01
5.009923398467503830e+03,-1.166511164139565349e-01,-6.981163430955119598e-01
5.000848291690993392e+03,1.256103185801649147e-01,3.034863873597375139e-02
5.498758008292570594e+03,2.343840382097582553e-01,-2.519767587695795186e+01
5.618692865158542190e+03,2.619978570846051569e-01,-2.375033821406902845e+01
5.830557250727268183e+03,-2.253344257629709690e-01,-1.404205368820620414e+01
5.177335795496744140e+03,-1.330698343827153851e-01,-1.487397291928330212e+01
5.945168069834810012e+03,6.105973929649124998e-02,-5.591301539649554897e+00
5.311135735361191109e+03,9.041727779286272415e-02,-2.149682743668481422e+01
5.932542174733099273e+03,5.646906744540556300e-01,-6.411101205274023052e+00
5.959033332263287775e+03,2.778758190478644030e-01,-3.739889271039124718e+00
5.081320284450458530e+03,-3.002693980685220976e-01,-7.584921437231045616e+00
5.329071539044427482e+03,3.858445579486537436e-01,-2.209068606507542754e+01
5.498710346344988466e+03,-1.472503886992927724e-01,-2.556450394185158359e+01
5.721086584308324746e+03,1.863496068334296197e-03,-2.017167535053802752e+01
5.652055920455166415e+03,1.431412968017072296e-01,-2.293727299811910925e+01
5.523212778462721872e+03,1.161406173899096339e-01,-2.483238155521313573e+01
5.064529099037446940e+03,2.141663241796523398e-01,-5.469639722721975517e+00
5.261088359223411317e+03,3.919097584142567370e-01,-1.931363766388992431e+01
5.230777181446818759e+03,-1.587818147281772618e-01,-1.804332282867071058e+01
5.519106814414269138e+03,6.373237023884690579e-03,-2.515131530238481972e+01
5.900601943518024200e+03,4.061249292382476672e-01,-9.104807655077070905e+00
5.893559879971746341e+03,2.705509006665195448e-01,-9.603809073046381428e+00
5.685840607814086979e+03,2.538085089133550465e-01,-2.146478942153946434e+01
5.753838576014999489e+03,3.373506960855541803e-01,-1.856088060325189559e+01
5.253326454731030935e+03,7.579507295346658013e-01,-1.891458035200157894e+01
5.266194368643629787e+03,1.500532424320566161e-01,-1.997180908827384016e+01
6.562031416955926943e+03,1.549693723073154727e-01,-2.441027887562046317e+01
6.375656783831030225e+03,-1.322034999120348664e-01,-2.311110980997871067e+01
6.542160195438496885e+03,8.809012994997947321e-02,-2.476764171434352946e+01
6.632669921079140295e+03,-5.663612368124287810e-01,-2.315908629682834885e+01
6.705648542140848804e+03,-1.483119110107751770e-01,-2.080274630435357963e+01
6.508138347496694223e+03,-2.868253996004275219e-01,-2.520636442106731678e+01
6.116781293473544793e+03,1.736764089320778082e-01,-1.039415653574007692e+01
6.258570269572166580e+03,-1.283654566601833136e-01,-1.930714355120372261e+01
6.935024523198786483e+03,3.547237545604645659e-01,-6.588492884148563711e+00
6.372267508920637738e+03,-5.359519213709540387e-04,-2.351136939000105386e+01
6.951418381491504078e+03,6.626096070657759574e-02,-4.364982454179370031e+00
6.455486701897484636e+03,1.324446961225054786e-01,-2.501180368141479704e+01
6.999809580027404081e+03,-6.574389270857285139e-02,3.877325272714495230e-01
6.877803173438417616e+03,3.246210835525275562e-01,-1.094190236322321930e+01
6.169453382176316154e+03,1.632166881603689668e-01,-1.437733603198890187e+01
6.344904681038800845e+03,1.303009683164729482e-01,-2.228317332390528804e+01
6.962089148057321836e+03,-1.048730574929530174e-01,-3.691856716269968253e+00
6.708647747768703994e+03,-4.259725749328241440e-01,-2.080067397029113607e+01
6.920642978752956878e+03,1.543393038188138090e-02,-7.092317913265008933e+00
6.895394462335636490e+03,-1.400166283828544189e-01,-9.328701762077232118e+00
6.280634271145905586e+03,1.641505061669693288e-01,-2.059292505380116722e+01
6.678318147770623000e+03,-1.528213809212131402e-01,-2.148259499730034250e+01
6.821945156969963136e+03,-7.812123933557493793e-02,-1.438333673877394858e+01
6.113149866060506611e+03,-3.807661722002483318e-01,-9.842577847502770538e+00
6.271473781894866079e+03,-5.768118733684072241e-01,-1.989222093909776135e+01
6.170054375070430979e+03,4.322528020417635841e-01,-1.421462545028076008e+01
6.848859015925094354e+03,-7.338106512167612283e-02,-1.266044266993329437e+01
6.380014813775431321e+03,6.807674634544295944e-02,-2.403613457858261526e+01
6.225645018156092192e+03,3.975026359716642144e-02,-1.752378050678824550e+01
6.965983709563413868e+03,-2.479424619362672333e-01,-3.409173116295927120e+00
6.046096435271921109e+03,8.711180244158928110e-02,-4.684925133556123278e+00
6.881214889685424168e+03,2.647892754762578571e-01,-1.057587985522761187e+01
6.497398354457249297e+03,-1.626585688828310616e-01,-2.505745089025343120e+01
6.704627448645760524e+03,-1.127232892531846303e-01,-2.062936382920994305e+01
6.825479885192322399e+03,-4.038108226999082007e-02,-1.462224815584030146e+01
6.711841433940297065e+03,-1.714551852353372041e-01,-2.111476753350605762e+01
6.649929741922742323e+03,-3.710175479494416950e-01,-2.258700278833810415e+01
6.783399553646519053e+03,-2.228959605404967348e-01,-1.681388050857206551e+01
6.218014175976353727e+03,1.733854628589560631e-01,-1.736300261095160025e+01
6.048584537660863134e+03,1.541670878924044329e-02,-4.816106555606693540e+00
6.771198183619105293e+03,-2.035040674583621922e-01,-1.767017043819130961e+01
6.561339284204769683e+03,1.494116419864422174e-01,-2.464837943811535581e+01
6.222827487343371104e+03,3.150593595328329277e-01,-1.731356517094794256e+01
6.483843770916704671e+03,-1.689723601732727176e-01,-2.533099781402165718e+01
6.371735710510924946e+03,4.820961486873096002e-03,-2.322696458453981094e+01
6.891393132731387595e+03,-3.419578141655894160e-02,-9.451963751482180598e+00
6.196306913129231361e+03,1.896229922154129555e-01,-1.593916852576701082e+01
6.569611134704405231e+03,2.562103582238248189e-02,-2.488594883420536874e+01
6.318336510813166569e+03,1.891941989271786750e-01,-2.164300517555269465e+01
6.313660828865865369e+03,-9.801701372427225334e-02,-2.191757267237147033e+01
6.873142753403283677e+03,-1.759169449382369521e-01,-1.066559378245786149e+01
6.444057552218802812e+03,3.151817405403333633e-02,-2.477534851768431068e+01
6.037979344926453450e+03,-9.947844896854411700e-02,-3.523253497088759900e+00
6.050215323018625895e+03,-4.129494182939490859e-02,-5.342911325788004540e+00
6.348925705527129139e+03,-6.212972453108615012e-01,-2.285046199031066649e+01
6.227491146532467610e+03,-2.314732913088192179e-01,-1.742925491490541745e+01
6.927535048609076512e+03,-1.658487940812025663e-01,-6.391258788355159481e+00
6.275498560389048180e+03,1.365417224234580576e-02,-2.007593451798814499e+01
6.050788694459884937e+03,-4.827386152976148592e-02,-4.522939562334265418e+00
6.481156253268488399e+03,1.886058201541247481e-01,-2.484040261385581161e+01
6.632017952044611775e+03,4.274879356712459333e-01,-2.290185462578852338e+01
6.099145429870103726e+03,-6.207993890521866787e-01,-8.507395382078007273e+00
6.215589619881578983e+03,8.682204786734881719e-02,-1.734827229057496112e+01
6.567692488937884264e+03,-1.358753810622562452e-01,-2.447219405827451766e+01
6.340017630919394833e+03,-1.452959861671035136e-01,-2.246392949504058478e+01
6.107521622134143399e+03,2.420311974097843766e-01,-9.779923591863175503e+00
6.732495564661899152e+03,-2.636201421237635012e-01,-1.996078981538054720e+01
6.853563607685973693e+03,-2.516191428460597956e-01,-1.250100419064150259e+01
6.754745236655938243e+03,1.205952558850759276e-01,-1.820344937441479516e+01
6.783103190832975088e+03,1.830344045399424219e-02,-1.727629035643147049e+01
6.389508193569904506e+03,2.375128302188704021e-01,-2.362105306201608101e+01
6.144362042381117135e+03,-1.416937041409526039e-02,-1.225209716370008728e+01
6.804394484546710373e+03,-1.958459998360043419e-01,-1.547759758930983232e+01
6.965344631827056219e+03,6.586311925727640626e-02,-3.012231391484670340e+00
6.816732922335184412e+03,-4.885827932370088167e-01,-1.543733191418919404e+01
6.965544855522911348e+03,-1.890994642819012195e-01,-2.933577834838235976e+00
6.646590993655941929e+03,2.521164191265122811e-01,-2.307195666240412990e+01
6.586232106330198803e+03,3.096730630490738823e-01,-2.496638304038475553e+01
6.005715340794371514e+03,1.140886064387984927e-01,-6.787741478513804605e-01
6.434208404944098220e+03,-9.982396717108656115e-02,-2.468029149290770974e+01
6.609933762084515365e+03,-1.423980442504205468e-01,-2.357904352886260568e+01
6.835413659350435410e+03,7.948806590564004917e-03,-1.349475439530225884e+01
6.633903931683942574e+03,3.208189537766652222e-02,-2.329867746559416020e+01
6.722583431272700182e+03,-3.766714731756311552e-01,-2.028517994115777867e+01
6.907408886643126607e+03,-2.379680921956552411e-02,-7.787054465728028063e+00
6.036648758787726365e+03,-1.709186532954494186e-01,-3.380431643376398121e+00
6.344422184518389258e+03,6.802908152621460480e-02,-2.228781188192080975e+01
6.345023080761226083e+03,-1.981767728356060021e-01,-2.262201399498821530e+01
6.046646078623714857e+03,-3.142836354397299248e-01,-4.564614332222593163e+00
6.498136968710921792e+03,-4.941756269882141006e-01,-2.498800240785385895e+01
6.979102007422710813e+03,4.416999936136523780e-02,-1.934715702425474193e+00
6.133491651963783625e+03,2.060616831194669596e-01,-1.184736017789787788e+01
6.055030340715899001e+03,4.129064289376670194e-03,-5.283555460407358240e+00
6.087888345802357435e+03,4.869975829828842029e-01,-7.915232659854870789e+00
6.896338339993577392e+03,-7.979038678517830219e-02,-8.891458044094484592e+00
6.071646285586347403e+03,3.384087752143368766e-01,-6.616933025131729096e+00
6.315744105662915899e+03,-3.024204036478115865e-01,-2.177212971826910604e+01
6.651156517503335635e+03,2.007027264484173568e-01,-2.303785323930958029e+01
6.430263994459298374e+03,-1.171252533817983971e-01,-2.471045530599993256e+01
6.645813477055700787e+03,1.279761784998070528e-01,-2.283719009830950597e+01
7.216529860310737604e+03,1.437956456948648667e-02,-1.695926654626059360e+01
7.003008128106936056e+03,7.284320708128522170e-02,-2.254742857823563984e-01
7.675810801422861914e+03,-2.031573432039051885e-01,-2.188949127191578725e+01
7.822808918622360579e+03,-3.587680133055211051e-01,-1.426085694543137627e+01
7.658536121876416473e+03,-2.354300322471066520e-01,-2.281075656989149891e+01
7.090841134159318244e+03,2.198484939179099207e-01,-7.958163114727637044e+00
7.020962201192496650e+03,2.305550329845557911e-01,-1.852161154738412918e+00
7.723708882213245488e+03,-3.182382698938262394e-02,-1.973758836966175423e+01
7.420340080365829635e+03,-7.698195950791994480e-02,-2.449235626779184116e+01
7.794579030611796952e+03,5.019921136645327797e-02,-1.649699126757927914e+01
7.518643017925313870e+03,6.992261884477743439e-02,-2.520291736107748903e+01
7.294368830456020987e+03,6.052026198545025215e-01,-2.059684715047369608e+01
7.275283430589635827e+03,2.792782921627751658e-01,-2.037225808461014864e+01
7.939211867314256779e+03,-2.077260159285249097e-02,-5.663355666394327415e+00
7.710056926376396405e+03,3.252090644807796582e-02,-2.033321597135751091e+01
7.321323365413615647e+03,-2.281364709485691478e-01,-2.187132986455309691e+01
7.883286286138386458e+03,-3.580376101144600587e-01,-9.976054903416672559e+00
7.766482969212250282e+03,3.001790669229951677e-02,-1.828265586805039078e+01
7.506153324466579761e+03,-4.555082112135291905e-01,-2.499828078391375996e+01
7.415802265994593654e+03,2.080992152312879651e-01,-2.452414730558759004e+01
7.367499195429332758e+03,9.196644201488255246e-03,-2.312023650305835787e+01
7.044928838368728066e+03,-1.609850114694413512e-02,-3.939808727334785932e+00
7.158443783457340942e+03,2.758720814704963553e-01,-1.340394324935416037e+01
7.849690755447685660e+03,-5.344774211887590165e-02,-1.260301209057603877e+01
7.821943892773643711e+03,1.765803074885581858e-01,-1.472078269929241401e+01
7.456050646896315811e+03,-7.887656636462631043e-01,-2.490987208455589297e+01
7.192632672145527977e+03,2.895522447805686794e-01,-1.523897084129447421e+01
7.694546002494373170e+03,-1.756975988751473608e-02,-2.086544135268047029e+01
7.675265788901452652e+03,3.298055768997786852e-01,-2.206418997384906788e+01
7.523387160632369159e+03,3.384605295014800341e-01,-2.519258673926421466e+01
7.987175647576712436e+03,1.563580717668803469e-03,-8.821618967401694267e-01
7.068544059896258659e+03,3.199060446156728466e-01,-6.011435071901547467e+00
7.304133922873896154e+03,-5.143006656693121376e-02,-2.115398285972853998e+01
7.208647902044565853e+03,6.349813775185206288e-02,-1.659801544727385547e+01
7.852450283573105480e+03,2.149314751171597926e-01,-1.248703437581044717e+01
7.927516180406896638e+03,3.263285360256378276e-01,-7.018963295196220642e+00
7.839481134066181767e+03,4.079255528625764238e-01,-1.383725014175681167e+01
7.465457673609908852e+03,1.329828718857415173e-02,-2.477786283049163174e+01
7.084172551397376083e+03,-5.462457682139205267e-02,-7.416072963282412722e+00
7.084438296790141067e+03,1.357205034185123560e-01,-7.593533691167539956e+00
7.523177382834021955e+03,-2.373334083019819629e-01,-2.544959383375379502e+01
7.038884846807159192e+03,-1.781685263404106379e-01,-2.900057155103452633e+00
7.776449850684523881e+03,1.262274664006724778e-01,-1.715887582011949064e+01
7.027984406738074540e+03,-5.649313602752139563e-01,-2.727439711620423868e+00
7.775102024124461423e+03,1.203982676094485504e-01,-1.734011762741650031e+01
7.445176190278133618e+03,9.117360330974885740e-02,-2.503962982948309346e+01
7.396355826917006198e+03,2.619195668347779754e-02,-2.359424423515370606e+01
7.118286133638540377e+03,2.528535004696184640e-01,-1.019104457159433252e+01
7.670323980970241792e+03,-2.055427724716513971e-01,-2.197823344967517301e+01
7.751891203176952331e+03,-1.225699661972587257e-01,-1.873269782970323405e+01
7.825856424016564233e+03,-2.806263939837718713e-01,-1.433411113216400956e+01
7.219125782720110692e+03,-3.015065577857559131e-01,-1.713108136830586403e+01
7.924875374101132365e+03,2.193732940359292005e-01,-6.829592832489227661e+00
7.282752057898927887e+03,-2.916806116487380071e-02,-2.043363253935062573e+01
7.165958709372202975e+03,-1.519561755343925291e-01,-1.326572276212335844e+01
7.689540265491412356e+03,2.039848191395681187e-01,-2.142381283011305726e+01
7.942322249665549862e+03,4.265689993441029032e-02,-5.364449980252303796e+00
7.482679657992121975e+03,3.884184904367868341e-02,-2.488575432308681812e+01
7.187727040233165098e+03,1.169576635784422836e-01,-1.525567450060803942e+01
7.856449123202891315e+03,1.774805706433150165e-01,-1.203158355193986573e+01
7.337734447227552664e+03,-2.467381320931550520e-02,-2.215135696061593151e+01
7.203867398799916373e+03,1.307435061236390528e-01,-1.605589744315560097e+01
7.143981110426388113e+03,5.399747869715906812e-02,-1.231867162493595380e+01
7.643819039810034155e+03,-2.972961672500694097e-01,-2.284630530132257320e+01
7.969119438472196634e+03,8.532999453489104047e-02,-2.807337766407235868e+00
7.299159937167385579e+03,-1.201143325142158963e-01,-2.088937069010031067e+01
7.602238973005041771e+03,-4.203798302685363697e-01,-2.381178521445580287e+01
7.605634369922414407e+03,1.363841891452835242e-01,-2.400973583874185380e+01
7.364555519459306197e+03,-6.695832789856229206e-02,-2.326622254167715198e+01
7.002534710497398919e+03,-6.510187233796084494e-02,-5.611213144436268951e-01
7.854135128626943697e+03,1.000465810469705757e-01,-1.233746825331051689e+01
7.125768062396449750e+03,-7.171403515016976371e-01,-1.103829648869914415e+01
7.701272159414284033e+03,-3.723182838421977836e-01,-2.131475234634848448e+01
7.625171734705415474e+03,-1.678209224076460671e-01,-2.313953292324300293e+01
7.402833585101312565e+03,4.189791885510586456e-01,-2.412131816963416853e+01
7.960457097721912760e+03,-1.817803696876203745e-02,-3.713303778891152263e+00
7.731546865391452229e+03,-1.019849890808436493e-01,-1.948271367667473442e+01
7.963405475779051812e+03,5.027445178874120901e-02,-3.303690149482628513e+00
7.025865772571727575e+03,-1.517984594375250962e-01,-3.173689479996332885e+00
7.254032605746104309e+03,1.814472928150575870e-01,-1.883758653638681579e+01
7.983871600982148266e+03,3.030872312153545245e-01,-1.584488505517616774e+00
7.095858780298286547e+03,-3.142542229292742961e-01,-8.461857353318869457e+00
7.042545849979305785e+03,4.666683882901353497e-01,-4.108028391964182013e+00
7.451186998512521313e+03,2.156630183940444756e-01,-2.455966556638861675e+01
7.388686782627784851e+03,5.326642206518049649e-01,-2.376658201679843785e+01
7.395112042403324267e+03,2.966417835886783760e-02,-2.380611741559402361e+01
7.813496317207835091e+03,2.637254942567227034e-01,-1.525249661321028682e+01
7.839774648046101902e+03,-2.388839233854391786e-01,-1.340438081783980273e+01
7.880974409472431034e+03,-5.112257967530742242e-02,-1.079728475561980972e+01
7.060209497550887136e+03,1.283302138635998846e-01,-4.963092436112861883e+00
7.322440173547679478e+03,-4.885902370716355136e-02,-2.181102242001405145e+01
7.497656425940431291e+03,1.207982668513421787e-01,-2.524076184041214788e+01
7.561074469251250775e+03,2.841441975059509906e-01,-2.471694226036517605e+01
7.281164949982994585e+03,2.161886260737035104e-01,-2.008537003125040954e+01
7.162511156886509525e+03,1.438883429789438763e-02,-1.326245038056916137e+01
7.314292443048832865e+03,-4.882876249424241699e-01,-2.158101216231323605e+01
7.799741228278437120e+03,-2.157859480153788978e-01,-1.630504752750645281e+01
7.112328043402319054e+03,-2.371674456636968520e-01,-9.827935909105116608e+00
7.778533955145675463e+03,2.375098916412760885e-01,-1.714150229016538773e+01
7.036424120456104902e+03,4.809271557564724908e-01,-3.474490933341265020e+00
5.925414595204181296e+02,-2.995430002360211841e+00,-2.370679808973030589e+01
4.357039994480002321e+01,-3.125059301877489482e+00,-3.962308244605284635e+00
6.459618554461239626e+01,-3.222392192311338999e+00,-5.847580859918713792e+00
8.954331605627379531e+02,-3.087348633611428639e+00,-9.232914841799260586e+00
3.147564673336026431e+02,-2.933451015456388866e+00,-2.153524635837595724e+01
1.374958771029059790e+02,-2.949339789210345231e+00,-1.170585712168367287e+01
1.481594281483990869e+02,-2.835505382521545048e+00,-1.312355231388936971e+01
3.746716457502502635e+02,-3.217002787753257653e+00,-2.371715290574832835e+01
5.005761088779037777e+02,-3.288680564590765965e+00,-2.520844127656511091e+01
6.359404062727476230e+02,-2.779912616124010416e+00,-2.292450699976576800e+01
1.610282447997556687e+02,-3.071339295986244888e+00,-1.382923151124245464e+01
3.674204912678872006e+02,-3.394614989828573570e+00,-2.292189245877016646e+01
9.398299164020700118e+02,-3.109154849061546599e+00,-5.651290440095934287e+00
8.020982901125088347e+02,-3.217142852117142127e+00,-1.604982469129532774e+01
7.159346894530020791e+02,-3.176825016680260294e+00,-2.066005347518083468e+01
7.955808972353407853e+02,-3.268782964693075499e+00,-1.589643721994531589e+01
3.191954094281601897e+02,-2.940062627313917432e+00,-2.145722162872979055e+01
7.744012872544894890e+02,-3.196408374516057194e+00,-1.673896341918923270e+01
5.309332740240557769e+02,-3.128468479540317926e+00,-2.488730802235561157e+01
4.982785741249396665e+02,-3.014658986777959182e+00,-2.531426051027808910e+01
9.613124617945836690e+02,-3.023384927943101541e+00,-3.595292533676472058e+00
1.886602491466725553e+02,-3.081436600207701826e+00,-1.523482917165067008e+01
8.487575402129424447e+02,-2.818959540469430980e+00,-1.260392826712582703e+01
3.578240736753213014e+02,-2.774753559226197375e+00,-2.354983610935992289e+01
7.879258522742208015e+02,-2.568987290506945520e+00,-1.731226666124413072e+01
3.691602736230784103e+02,-3.026187376822579100e+00,-2.318249814631932537e+01
6.822014567679503898e+02,-2.423646145557023068e+00,-2.186123788242224109e+01
2.153638792337563643e+02,-3.469197559150759336e+00,-1.664048660948535030e+01
1.691198018267214920e+01,-2.879502637073651616e+00,-1.752860838697136714e+00
2.702462025233419922e+02,-3.253546129028052736e+00,-2.007237962464171233e+01
6.112586658109287328e+02,-3.036229389840253035e+00,-2.330326352834095260e+01
6.237920038613123097e+02,-3.000945275026161152e+00,-2.277675302402162671e+01
8.733175366925265735e+02,-3.049285485982408783e+00,-1.112318513908719986e+01
9.516339065496679268e+02,-2.754402119873478938e+00,-4.694032866252793923e+00
1.069905604442960509e+02,-2.782368899580179189e+00,-9.864195969743217773e+00
6.617738117178682842e+02,-2.916940510751200311e+00,-2.233403948985327148e+01
6.509942691928144995e+02,-3.269785871163685353e+00,-2.239942570964317881e+01
1.782101182080550075e+02,-2.659302179607417660e+00,-1.495863808610120138e+01
7.030268090121928708e+02,-2.708262786245396736e+00,-2.122561476092455024e+01
1.426822577309607709e+02,-3.022945086839945450e+00,-1.210793834519762768e+01
2.674115359674610204e+02,-3.116852012976996100e+00,-1.935667407985121002e+01
4.656901046852388504e+02,-2.836775725471484488e+00,-2.498359402320410894e+01
5.265938732064464602e+02,-3.314522819057683645e+00,-2.473452788078733278e+01
1.311942280011101047e+02,-2.861715581772410477e+00,-1.154375533337607074e+01
1.848044314110753987e+02,-3.230107428761817445e+00,-1.500849403770926926e+01
2.220019264597801225e+02,-2.851525996012429509e+00,-1.735548307486377695e+01
2.380620287147871466e+02,-3.371458460918655753e+00,-1.838102446637745047e+01
3.495965102965391225e+01,-2.951882576417391046e+00,-3.547220566578081158e+00
5.072117794408816280e+02,-2.764436321794170759e+00,-2.512998201452699831e+01
8.267619087024539795e+02,-2.665364422730471361e+00,-1.440047336779244169e+01
9.406464980079919087e+02,-2.869290734231445317e+00,-5.466986478841024955e+00
7.773168197977615819e+02,-3.037521179912625158e+00,-1.696741268454791651e+01
8.501101819440799545e+01,-2.880793210688461503e+00,-7.545245007619635125e+00
7.139492818014967668e+01,-3.053537009952743908e+00,-6.509900917978504786e+00
9.011989386336789494e+02,-3.342843497824904198e+00,-9.109086256105340951e+00
9.318281820259942378e+02,-2.729690095276157358e+00,-6.298409030599411373e+00
2.756995378324013473e+02,-3.159005394556400503e+00,-1.985787164803198479e+01
8.433532683428546761e+02,-2.714595960797987040e+00,-1.324522670560132198e+01
3.336825748827409939e+02,-3.250619062946233928e+00,-2.183535515900940993e+01
7.513268676445914025e+02,-2.306171839198629225e+00,-1.864270083506869113e+01
6.847605240035964016e+02,-2.769614864413057820e+00,-2.203949618241034258e+01
9.547761538704842224e+02,-2.903702417001903235e+00,-4.245242081522086153e+00
6.635918432994008072e+02,-3.089335565331536415e+00,-2.258922402638371452e+01
8.561401838593504863e+02,-3.469130068565146274e+00,-1.192063381102119024e+01
7.355490487735062288e+02,-3.375675585339787954e+00,-1.937045815645089064e+01
5.516497449032571012e+02,-3.472855963495214304e+00,-2.476202571805073660e+01
3.598123680441979673e+02,-3.091295701580661248e+00,-2.327684119080139169e+01
3.081711464258368096e+02,-2.907149392224928963e+00,-2.116355657081760455e+01
3.683199801242562899e+02,-3.115490801758133976e+00,-2.341797867153532309e+01
9.709962685364700974e+02,-2.985982088867596751e+00,-2.575325545120488613e+00
2.470352709024722913e+02,-3.468774736777564982e+00,-1.884291271337848528e+01
3.205989813838216378e+02,-3.438302043947601305e+00,-2.116536578536227609e+01
6.156623366420659522e+02,-3.396625862896721859e+00,-2.392889910744055726e+01
5.038341468829018481e+02,-3.081963610862037850e+00,-2.491500902150959007e+01
5.157566293388585166e+01,-3.183339525474891296e+00,-4.907202750285646786e+00
4.789232063349801933e+02,-3.220916744903274509e+00,-2.499365620007623079e+01
8.629386424835964817e+02,-3.413871831680509672e+00,-1.194200507942335676e+01
1.427136894627781487e+02,-2.696589814872912161e+00,-1.262370136902080553e+01
5.027212423435106814e+01,-2.598466010426927930e+00,-5.040062080386529253e+00
7.685411438900679286e+02,-3.145698158650549914e+00,-1.814153639729556033e+01
2.026447991942524709e+02,-2.778542643788639577e+00,-1.607204902225798904e+01
6.457698851497800661e+02,-3.075359993328978803e+00,-2.276808658013858633e+01
8.646501907440643890e+02,-3.189137086867370297e+00,-1.175124991685446041e+01
9.625520171476540554e+02,-3.038211397465529373e+00,-3.618021876067654574e+00
6.314637036754963901e+02,-2.669737462829899322e+00,-2.302050415269154016e+01
3.507428950101295300e+02,-3.157566347467505974e+00,-2.294697594406783736e+01
7.920561278902954427e+01,-2.763249498043998109e+00,-7.211775643804642755e+00
5.122665305341288331e+02,-3.162427714382016308e+00,-2.567716724863949906e+01
6.112109323211734591e+02,-2.765600985279605517e+00,-2.395364706340868821e+01
3.251392680486615063e+02,-2.713878173183141396e+00,-2.228079060954623003e+01
3.633154774168893653e+01,-2.954031764802654614e+00,-3.833637355314500006e+00
6.613317024239286184e+02,-2.857137931951405196e+00,-2.206978572405871120e+01
7.631726086130829572e+02,-2.949120341552189384e+00,-1.718370089132734435e+01
2.903530397407320720e+02,-2.974578835171584501e+00,-2.010784642785354848e+01
9.614503320770866139e+02,-2.485040914087159880e+00,-3.646534532334915646e+00
7.394528623623257317e+02,-2.984524430037020171e+00,-1.900418442460417978e+01
5.702683152559658311e+02,-2.868094358705501445e+00,-2.387610847543121650e+01
9.545760109902792010e+02,-2.679150695021249362e+00,-4.511197113532795733e+00
5.201454748830607286e+02,-3.472897277388660164e+00,-2.521011423171908916e+01
5.440120791621143326e+02,-3.249687806690819691e+00,-2.506751876024738834e+01
1.818791902898766693e+03,-3.295161567010806536e+00,-1.492040728507379299e+01
1.902370563374669928e+03,-2.472590407696501735e+00,-8.975916671181986217e+00
1.261748838126349256e+03,-3.209888923011216644e+00,-1.916745169578283381e+01
1.627476288851963545e+03,-3.309738914639062557e+00,-2.337250973838767365e+01
1.763307714265873301e+03,-2.970992626274312265e+00,-1.846560462392212543e+01
1.147588075473710887e+03,-3.081836361350646758e+00,-1.318348627430512998e+01
1.510553302345686916e+03,-3.353728521278739994e+00,-2.494986084099566881e+01
1.811682401721662700e+03,-3.560557032649334985e+00,-1.536746708736749412e+01
1.739665406160519979e+03,-2.717376804517809497e+00,-1.930635127869104295e+01
1.309977739270760821e+03,-3.175116680194820518e+00,-2.146352269771717047e+01
1.304984307257448563e+03,-2.964337063501587988e+00,-2.102147472862781541e+01
1.982647073070912484e+03,-2.790265307298248398e+00,-1.724211471211550828e+00
1.312557679718687496e+03,-2.859104162360941892e+00,-2.176980945778136345e+01
1.998426462627416186e+03,-3.098477051018469819e+00,-4.580545016029520244e-01
1.415341836732167167e+03,-3.319727227525583579e+00,-2.405870693407557326e+01
1.279129066928076554e+03,-3.508975729962937606e+00,-2.011420041541274983e+01
1.029444319960534358e+03,-2.827155252160592269e+00,-3.214017913591781461e+00
1.492122847163296910e+03,-3.009630640549181280e+00,-2.519680976157163954e+01
1.182927726838503531e+03,-2.985350541898978527e+00,-1.514463698993295537e+01
1.383516377228502279e+03,-2.972879279673927400e+00,-2.404100238010686041e+01
1.198351696419669452e+03,-2.994090309991086496e+00,-1.581620902480279156e+01
1.607920774171994253e+03,-3.182221778877615037e+00,-2.342408451667428082e+01
1.950188776272325413e+03,-2.636129248720024076e+00,-4.554261132296704595e+00
1.943414237616489117e+03,-3.119568072016315252e+00,-5.081920325579955211e+00
1.323930958070460292e+03,-3.239334631414536148e+00,-2.171406680947528400e+01
1.915098751995265502e+03,-2.677426822418480512e+00,-7.545321755298616928e+00
1.891316984224903990e+03,-2.634558857890723527e+00,-9.470057604848745925e+00
1.269705274177669935e+03,-3.192938814127009195e+00,-1.981745326613913250e+01
1.202768142458366583e+03,-2.951981161018023325e+00,-1.610889569440116986e+01
1.720275251831851619e+03,-2.835098116881555885e+00,-2.010728070112284627e+01
1.022400638693153951e+03,-2.887447521739848977e+00,-2.111021353965794489e+00
1.545027626558127395e+03,-2.920155976278771881e+00,-2.526255576498670408e+01
1.480215640380388550e+03,-2.737225676588726841e+00,-2.502571424484295193e+01
1.468686079379038574e+03,-2.735232970946396502e+00,-2.521767668730100098e+01
1.423728293258061058e+03,-2.942663325573827482e+00,-2.425988511529903491e+01
1.779082215306334319e+03,-3.182483429622780413e+00,-1.756959334185523858e+01
1.156811637483226832e+03,-3.230649597799941208e+00,-1.381888469043922107e+01
1.529458002861675595e+03,-2.683598712898151106e+00,-2.516166527586191037e+01
1.689772587780623326e+03,-2.706099084411031086e+00,-2.127116387996484193e+01
1.565865499002730985e+03,-2.880963577593604441e+00,-2.466319690979551638e+01
1.708338292519185416e+03,-2.596017130497856318e+00,-2.073158435213362694e+01
1.182163589947466335e+03,-3.191491202165674945e+00,-1.495744065226221231e+01
1.788035205522253364e+03,-2.495367010333549018e+00,-1.720930065700448708e+01
1.429779857246305255e+03,-3.030392928050783752e+00,-2.471613949832655166e+01
1.756001911217356792e+03,-2.805472254032862711e+00,-1.890952492379811645e+01
1.567162310763592359e+03,-3.243194651529210493e+00,-2.424974229695905592e+01
1.995899344564204966e+03,-3.454440113815362423e+00,-4.956470890359351289e-01
1.496031181961419861e+03,-2.722908115659969042e+00,-2.517174888028596413e+01
1.105129102747433762e+03,-2.606593728527885734e+00,-9.646810964075072548e+00
1.443629270348300452e+03,-2.738747059872148615e+00,-2.480218957216392184e+01
1.237747717467177154e+03,-2.713307325846166851e+00,-1.832194235893484091e+01
1.190185577549959817e+03,-2.542716187130074079e+00,-1.520003426609462416e+01
1.267479638085190800e+03,-3.118540359259969197e+00,-2.019613747639818513e+01
1.445194489997928031e+03,-3.003349789907638012e+00,-2.448316536687861600e+01
1.759742074146033019e+03,-3.148773366396132367e+00,-1.821984062555993589e+01
1.794868725867923331e+03,-3.188278708228864389e+00,-1.665034759000722886e+01
1.129891985316278351e+03,-3.215202656182236218e+00,-1.101544704547708520e+01
1.026533660260894521e+03,-2.978066544882654654e+00,-2.773299539787715151e+00
1.987923632838350841e+03,-3.441371117293210435e+00,-9.347316699962557873e-01
1.197182394428599082e+03,-2.968128873476072904e+00,-1.616838764534487893e+01
1.312451677092066802e+03,-2.739450484528395791e+00,-2.133446713030798492e+01
1.419703624220124311e+03,-2.706465037873302837e+00,-2.486219982717191002e+01
1.837866885956821534e+03,-3.256380795282966645e+00,-1.362458426770129805e+01
1.074727539868911435e+03,-2.794845804421557833e+00,-6.218281879255560085e+00
1.789541635855793629e+03,-3.073420330417418356e+00,-1.682600096542838131e+01
1.945727368129167189e+03,-3.344948754815650016e+00,-5.471857558933157506e+00
1.151488265739358667e+03,-3.306733128479977246e+00,-1.315753741299947599e+01
1.011035522933589164e+03,-2.646588276761419500e+00,-8.043295127847249759e-01
1.672435051239047652e+03,-3.360330289312440044e+00,-2.202089486857096645e+01
1.726534789488658816e+03,-3.352346830462654914e+00,-1.950812355248708840e+01
1.461198125514275034e+03,-2.845192492937951734e+00,-2.510002537620339425e+01
1.149150648594798668e+03,-3.532934057022332652e+00,-1.249680764470709704e+01
1.283192087901717514e+03,-3.198041053622161733e+00,-2.038453522831241571e+01
1.026690106425325212e+03,-3.035834998613663238e+00,-2.861184554395838298e+00
1.971254290195375688e+03,-2.925433405437234846e+00,-2.789706994027122633e+00
1.869953486974299722e+03,-2.653934483770002739e+00,-1.120513918060488301e+01
1.224415146406071472e+03,-3.153939471614254142e+00,-1.721185898354431743e+01
1.762026862580599982e+03,-2.916677127588439777e+00,-1.807910274455784005e+01
1.805560441231984896e+03,-3.197452507110654096e+00,-1.545069998292118463e+01
1.002672533095151948e+03,-2.980510434132904507e+00,-4.385806206919574124e-01
1.087804501605204678e+03,-2.870738613420131369e+00,-7.728891452496307934e+00
1.990268322273429931e+03,-3.337064422496967442e+00,-1.055349468700348403e+00
1.389360076302183643e+03,-2.683725356844749665e+00,-2.375434696618621899e+01
1.911429729168639142e+03,-3.065424200350053585e+00,-8.162856251661738227e+00
1.989444789726795307e+03,-2.918926249570712450e+00,-7.222636851369228506e-01
1.865471863036881587e+03,-2.932775150582157764e+00,-1.187759618177501153e+01
1.935235241094973617e+03,-3.033004032517240045e+00,-6.218013692922865765e+00
1.250867169984865541e+03,-2.980573059086760512e+00,-1.865819312100274630e+01
1.989532383494532496e+03,-2.746125980358581131e+00,-9.383076525758206055e-01
1.903856739572252536e+03,-2.969923945149862465e+00,-8.695005903496149102e+00
1.412495521296968946e+03,-2.895919030197458888e+00,-2.434369543332098473e+01
1.233939208088619807e+03,-2.830564094217812077e+00,-1.755597150243674065e+01
1.174733117292896168e+03,-3.518868264452156946e+00,-1.438602463504060225e+01
1.352151169871341153e+03,-2.807014373336121249e+00,-2.242913130886619655e+01
1.980047790703745477e+03,-3.189143433970555108e+00,-2.002599261294092603e+00
1.324639822148594021e+03,-2.920381543077658293e+00,-2.202917980128527731e+01
1.860845172574211574e+03,-2.813450248567162859e+00,-1.187524931034688080e+01
1.793057447353971384e+03,-3.347752639603486902e+00,-1.618146607516971969e+01
1.041112986375763285e+03,-3.292720496260117535e+00,-4.313234222000351004e+00
1.763011143993745463e+03,-2.466175083965045367e+00,-1.851471303216588993e+01
2.255431098181592461e+03,-3.378434859760798492e+00,-1.907740309946771262e+01
2.888608026019262070e+03,-2.662633894835644277e+00,-1.024899043063687465e+01
2.713763254190280350e+03,-3.652518721963233350e+00,-2.040235874950560202e+01
3.000035028999742281e+03,-3.091151939067676935e+00,-1.331093481382910892e-01
2.666083253523735493e+03,-2.991870197882764426e+00,-2.223518006615016418e+01
2.546381421469985071e+03,-3.036619840926401359e+00,-2.462201433750312063e+01
2.741807002860166904e+03,-3.168048203867500856e+00,-1.912680244195569301e+01
2.452642300234319464e+03,-2.924128806821069571e+00,-2.486336690874486166e+01
2.824892978092027988e+03,-3.251996091416110790e+00,-1.432719121465446221e+01
2.946974204208170249e+03,-2.913062967540155146e+00,-5.361707075905104425e+00
2.452369827768321102e+03,-2.876607371352126297e+00,-2.471867071631852752e+01
2.747005409114274698e+03,-2.830404184273484169e+00,-1.911170320242472442e+01
2.699259271193209315e+03,-3.012450784478431842e+00,-2.111665781909350059e+01
2.580301981860592150e+03,-2.756186997222232371e+00,-2.418660128512127017e+01
2.633087052082980790e+03,-2.617316884613938743e+00,-2.298050276184310192e+01
2.442619907417184550e+03,-3.166119928687143315e+00,-2.421894680588797399e+01
2.672493491079432715e+03,-3.070207818067549610e+00,-2.223546077151904754e+01
2.437224853417688792e+03,-2.897339346973079266e+00,-2.530028991693225038e+01
2.604170938509281768e+03,-2.758054667448227804e+00,-2.390511858910451437e+01
2.148233510526616556e+03,-3.347319144673604807e+00,-1.233031445171550544e+01
2.212787892525699135e+03,-2.900330235149450875e+00,-1.632951139644101346e+01
2.067393320159188988e+03,-3.548614212274971536e+00,-6.620006565122995568e+00
2.398710075345944915e+03,-2.862516318375138091e+00,-2.419521962431164397e+01
2.632008921130573526e+03,-2.968029072047001282e+00,-2.256823477087151986e+01
2.861409418242688389e+03,-3.194925645409320669e+00,-1.214260248372988471e+01
2.690561394857018513e+03,-2.441075650514730633e+00,-2.107942028116751843e+01
2.506164548058860873e+03,-2.447229181999936110e+00,-2.493489657445326912e+01
2.761190581299954374e+03,-2.721331095291838142e+00,-1.846928544482357282e+01
2.451307195530470381e+03,-2.958012962945741453e+00,-2.415160028517515656e+01
2.030717040168683752e+03,-3.523852562413932077e+00,-3.171789960432110256e+00
2.191647564352000245e+03,-2.981453571286516446e+00,-1.556122578153760827e+01
2.275693091331008873e+03,-3.132740942261251327e+00,-1.974951314391892154e+01
2.032945059115593494e+03,-2.679454782756732101e+00,-3.150045093948861119e+00
2.951222456189041623e+03,-3.135123383640175732e+00,-4.862428215961964284e+00
2.025082511818256989e+03,-3.127319212061044684e+00,-2.203319552144930249e+00
2.209328918634257661e+03,-3.389301551224304543e+00,-1.665034438484365964e+01
2.008514964571215387e+03,-3.034687431551138737e+00,-9.761934600132979867e-01
2.693297192884047490e+03,-2.703251703214760937e+00,-2.139603613985540065e+01
2.146514488710215119e+03,-2.777743393497970725e+00,-1.255677441428294649e+01
2.157240767259977474e+03,-3.689761239383701152e+00,-1.289938958904471455e+01
2.363065197714784517e+03,-2.802778155690810014e+00,-2.282950732828673779e+01
2.320617093449733147e+03,-2.363532676815264910e+00,-2.206114910069615931e+01
2.428184222924272490e+03,-3.024817225714345970e+00,-2.436826391770240718e+01
2.457042192833254830e+03,-3.340421922619568385e+00,-2.483615669819175764e+01
2.143318893143456989e+03,-3.035248293960407295e+00,-1.242269652113578005e+01
2.304237713501429425e+03,-2.972626670958872008e+00,-2.127899022505029336e+01
2.453643790228415128e+03,-3.330012261435403520e+00,-2.444318670685860084e+01
2.524157951497980321e+03,-3.612053179859383345e+00,-2.501802748491538964e+01
2.651525894087858433e+03,-2.752751903590332283e+00,-2.280120838013684903e+01
2.221107260219445834e+03,-2.938997550321974739e+00,-1.716251450502536713e+01
2.971479814236492530e+03,-3.149825686849343054e+00,-2.868121702518277694e+00
2.095305409552805941e+03,-2.988636560864758707e+00,-8.616783117639773337e+00
2.494208025387160433e+03,-3.033373340465724155e+00,-2.529186552490764228e+01
2.344289583783971466e+03,-3.229289867576591977e+00,-2.251302524197002697e+01
2.406504589423512698e+03,-3.391066023650162631e+00,-2.422918765905192373e+01
2.958276568159936687e+03,-2.721061738959417831e+00,-4.033402268580768002e+00
2.882775138663419966e+03,-2.810679769451103205e+00,-1.077673092077588457e+01
2.020244037154165653e+03,-3.285433729540421233e+00,-2.137275532283574364e+00
2.178211173692238845e+03,-3.199958847686722674e+00,-1.454873592208511290e+01
2.715902793360618489e+03,-3.303559233836467435e+00,-2.082073986149748634e+01
2.810825374304549314e+03,-2.977260550204614109e+00,-1.554991565015138200e+01
2.183592839648877998e+03,-3.444919579718889402e+00,-1.477856372516489181e+01
2.174323529307739591e+03,-2.747412472811987971e+00,-1.451361826744512662e+01
2.266293725704294957e+03,-3.151368026650947840e+00,-1.983559124739281643e+01
2.073206942956523108e+03,-3.307485879737319667e+00,-6.729916497648918750e+00
2.697751853271614891e+03,-2.847114609664771478e+00,-2.134928552131864166e+01
2.455787373474439391e+03,-2.900496451555788724e+00,-2.495964928480594480e+01
2.529038540482307326e+03,-3.078006555612819994e+00,-2.522937423271467949e+01
2.095240541076808313e+03,-3.093099604472369091e+00,-8.629115486591736328e+00
2.896898633368803530e+03,-3.196711505331721437e+00,-9.502845289353404112e+00
2.367610940322895203e+03,-2.875258462838502282e+00,-2.336796825758178286e+01
2.267827975817843253e+03,-2.910139303161999980e+00,-1.944929049020997169e+01
2.385054990234601973e+03,-2.960521318370620492e+00,-2.329658049949326326e+01
2.627621800019918282e+03,-3.293743246857058882e+00,-2.343562873613370101e+01
2.035217001895326575e+03,-3.174776215142525615e+00,-3.550018858606746708e+00
2.911467913627186590e+03,-3.421993328293658543e+00,-8.146846784865335422e+00
2.663062187291828650e+03,-2.808178613795013767e+00,-2.191031394547275468e+01
2.842603690531927896e+03,-2.834771017659741155e+00,-1.342142183455244897e+01
2.788394688968237006e+03,-3.112913351505446347e+00,-1.648681994104654791e+01
2.137180349147580728e+03,-2.801458587099407982e+00,-1.155158847784856491e+01
2.180665222985715445e+03,-2.772018921226069743e+00,-1.518049270392541494e+01
2.595607794131513401e+03,-2.889029179546307891e+00,-2.419860040982920069e+01
2.259469607058501424e+03,-2.856615223409672222e+00,-1.924733252022447871e+01
2.328199190375173657e+03,-2.943113062860002849e+00,-2.203617078171276589e+01
2.384120151230977626e+03,-2.642977259534437628e+00,-2.376565451184433186e+01
2.280851797441561757e+03,-2.895705687312871479e+00,-2.023611654825064221e+01
2.957955488673094806e+03,-3.235190789440929304e+00,-3.646291286105162843e+00
2.709434975863544878e+03,-2.712760796278324005e+00,-2.046596315399797916e+01
2.034723464092864106e+03,-3.295876873196889711e+00,-3.285058082761871390e+00
2.185626392306640810e+03,-3.370121065682529782e+00,-1.511427917712814306e+01
2.922885952161171190e+03,-3.123838777909561326e+00,-6.857878680890868495e+00
2.208820656149806837e+03,-3.188449654135650402e+00,-1.684060404858421833e+01
2.679375426526462434e+03,-2.701895101062707472e+00,-2.156935351278226776e+01
2.481470366433156869e+03,-3.108748493442830885e+00,-2.454955864673218358e+01
2.274191855328423117e+03,-3.068965603457504798e+00,-1.981050554247245898e+01
2.149062954157262993e+03,-2.864447543041892530e+00,-1.264251038141536121e+01
2.928314938385193273e+03,-2.441680050123559820e+00,-6.540216517044865618e+00
2.274519723599974895e+03,-2.833897838401530755e+00,-2.016434418710703369e+01
2.023265371630858908e+03,-2.705040693669204188e+00,-2.165875943085472599e+00
2.118303072375172633e+03,-3.386214779189279156e+00,-1.075379442745704495e+01
3.892866439539645398e+03,-3.077997096361017704e+00,-9.797599846744189378e+00
3.627222582772477381e+03,-2.696963578778469817e+00,-2.341910261814739513e+01
3.654598896518229594e+03,-3.290614431772465043e+00,-2.255259586736572075e+01
3.900017609375812754e+03,-3.076836857015520454e+00,-8.885371623894801729e+00
3.205173101260249041e+03,-3.154052572390404929e+00,-1.640902781451507408e+01
3.122667216529050620e+03,-3.466161988709772768e+00,-1.064829497373505340e+01
3.629692535866011895e+03,-3.168122028210529351e+00,-2.296118941247335954e+01
3.542297857873280918e+03,-2.983997511469424158e+00,-2.474242620211965971e+01
3.896031722533643006e+03,-3.550067599594826540e+00,-9.287534222487620283e+00
3.902135196592223110e+03,-2.945896201082295551e+00,-9.140024188545675443e+00
3.200772119201673377e+03,-3.231632205087288767e+00,-1.567294444335011505e+01
3.567420793903241247e+03,-3.010462512668909074e+00,-2.450360543270193148e+01
3.399857669304935825e+03,-2.586386462869719960e+00,-2.393037566074933054e+01
3.028523970839846697e+03,-2.712991573372738774e+00,-2.762688520336157527e+00
3.876300434294733805e+03,-2.880381239180823005e+00,-1.063746439754222450e+01
3.552021799349991852e+03,-2.987969327412048681e+00,-2.499712089940738480e+01
3.250053873229809142e+03,-2.717820769469756925e+00,-1.853684325859022763e+01
3.246674321606410558e+03,-2.963703644830458561e+00,-1.817118423599999488e+01
3.909650190625741743e+03,-3.069677707720657178e+00,-8.240774647587043589e+00
3.090029307302009784e+03,-2.859968870052729706e+00,-8.370992759056285593e+00
3.533561818237194984e+03,-3.002851945918467713e+00,-2.473286149344703588e+01
3.836851243007669382e+03,-2.861867021741684614e+00,-1.376356126586477302e+01
3.138642671463903753e+03,-2.877449614339635087e+00,-1.174376970102822781e+01
3.745643710575957812e+03,-3.444668791007131858e+00,-1.870611655730558809e+01
3.517374447956179210e+03,-3.138882135651266392e+00,-2.525776998474412949e+01
3.900632744422866381e+03,-2.911055847080540548e+00,-9.270373618246596337e+00
3.114710269451933073e+03,-3.230156448674168512e+00,-1.012885115241870082e+01
3.675757837864627618e+03,-3.057529656549773378e+00,-2.231689241516130906e+01
3.467826347345711383e+03,-3.109444676117407269e+00,-2.500680647176079674e+01
3.705346173107019240e+03,-2.876831496974431968e+00,-2.072475200013864693e+01
3.379676097410007969e+03,-3.169146024176157095e+00,-2.314885523090174146e+01
3.761263945831324236e+03,-3.050962378765509353e+00,-1.798554444825571252e+01
3.717707235895330541e+03,-2.723443401562265720e+00,-2.022736767333788066e+01
3.970298428369430439e+03,-3.266463411629150215e+00,-2.972902021220016788e+00
3.290740600798929790e+03,-3.025695937554198522e+00,-2.092677839593986988e+01
3.275246221694837914e+03,-3.282605863561927961e+00,-2.008567967337491567e+01
3.903110795020309524e+03,-3.436198979724501612e+00,-8.883176341546873189e+00
3.553050002404163934e+03,-2.976932873756870990e+00,-2.453740597901736109e+01
3.673281357981376914e+03,-3.115695558772905827e+00,-2.259839284985233832e+01
3.533002616339045744e+03,-2.578310749728504270e+00,-2.497218080346385705e+01
3.250232445349913178e+03,-2.943587540466111374e+00,-1.880374556932069652e+01
3.448683138636754848e+03,-2.967815193018145781e+00,-2.497079829883058366e+01
3.791865840793765074e+03,-2.570502930281574283e+00,-1.625261975342729670e+01
3.568797827596465140e+03,-3.028389924945077194e+00,-2.473942646843393689e+01
3.132721322102357135e+03,-3.018247830031168810e+00,-1.130782459435807930e+01
3.499216453634578102e+03,-2.887462035854833076e+00,-2.483929469362974274e+01
3.677226495684120891e+03,-3.070201057620495000e+00,-2.133592625702052104e+01
3.782644385360839351e+03,-2.979440894093760228e+00,-1.672264329190475962e+01
3.380589529426325498e+03,-2.882100847280347544e+00,-2.361221514225107043e+01
3.608828638466659413e+03,-2.841813405762211531e+00,-2.342557082077185271e+01
3.746093368959800955e+03,-2.701556441662672281e+00,-1.874160716466781551e+01
3.366442371687022842e+03,-3.528150193093782860e+00,-2.280968714641531747e+01
3.258194634185813811e+03,-2.823949445831033245e+00,-1.929367548908508212e+01
3.901494706959796076e+03,-2.385351404085170213e+00,-8.570373586474401506e+00
3.651320366834348079e+03,-3.490018847422485138e+00,-2.311879367179063749e+01
3.476994721192408178e+03,-3.189186031541592747e+00,-2.502592242762372621e+01
3.265370494913363018e+03,-3.437168794609941624e+00,-1.921675791237762709e+01
3.918220454667924059e+03,-2.849190346241992522e+00,-7.460654908019569653e+00
3.364275241800361528e+03,-3.070964076683741606e+00,-2.319889075499432352e+01
3.778650297171527200e+03,-2.481692100674885992e+00,-1.734489359168228972e+01
3.442446486877443022e+03,-2.769302712066650241e+00,-2.515160037686173311e+01
3.791987217619346211e+03,-2.867285556687158010e+00,-1.685016019671851240e+01
3.662550408723453984e+03,-2.553051800018303119e+00,-2.251136339431566213e+01
3.409193403140780902e+03,-2.952959078155662720e+00,-2.418017979526828043e+01
3.973821264172377596e+03,-2.858438988771378142e+00,-2.495640849652366988e+00
3.250319345824635093e+03,-2.967264338094761200e+00,-1.917506705760762387e+01
3.638146649715198691e+03,-3.071719378345423745e+00,-2.335523517831305895e+01
3.373094014314689502e+03,-2.462734028161221111e+00,-2.323618013128885451e+01
3.093185833065827410e+03,-2.763570625050618457e+00,-8.203598734239040624e+00
3.873524513859296349e+03,-2.796049676492142311e+00,-1.156693271717492166e+01
3.551710049505327333e+03,-2.769245900028820095e+00,-2.466753865386777278e+01
3.813229438901867070e+03,-3.052924652066554501e+00,-1.492219120092935825e+01
3.854138782477654786e+03,-2.763241031037100726e+00,-1.273473923624372439e+01
3.735976045341809368e+03,-2.818035260503215955e+00,-1.969820592348300536e+01
3.127625681954042193e+03,-3.496401506467363696e+00,-1.105278178258119404e+01
3.393558416534203843e+03,-2.952071388057641244e+00,-2.393132860622356617e+01
3.471087794831271822e+03,-3.156721109847731910e+00,-2.541372386300400876e+01
3.969213153723777395e+03,-3.106690886336711532e+00,-2.977498873791306622e+00
3.066742982389964709e+03,-2.845126724466406465e+00,-5.982010378404742035e+00
3.315795852655741783e+03,-3.456563047620314855e+00,-2.203387051255344176e+01
3.978143979369533554e+03,-3.086474466268235961e+00,-2.094991935968982588e+00
3.761748973733770981e+03,-2.917368443470908179e+00,-1.861308799351554910e+01
3.240935702775812388e+03,-2.950190852271237230e+00,-1.818767026071126125e+01
3.480382543348985564e+03,-2.667682890528267681e+00,-2.481598213287101728e+01
3.266614946178837272e+03,-3.181341221760647375e+00,-1.942529672010785191e+01
3.040225672818386556e+03,-2.834142989629309994e+00,-3.881650425823568895e+00
3.203800524777777810e+03,-2.863635624251633871e+00,-1.620195195529598564e+01
3.462569847655896410e+03,-3.314493419028393895e+00,-2.519815653792891652e+01
3.327174390503561881e+03,-2.777677385314148317e+00,-2.241534935003441475e+01
3.219539294056587551e+03,-2.806678956398730218e+00,-1.721561420926137487e+01
3.822616008472313297e+03,-2.815485211019795653e+00,-1.442296660175033018e+01
3.123458405746679091e+03,-3.449240513282467724e+00,-1.096007555044089976e+01
3.524975152331625850e+03,-2.735828590228453816e+00,-2.542243476081299036e+01
3.113314373207743756e+03,-3.128500314316639219e+00,-9.914505901183135350e+00
3.491130532536279134e+03,-2.941136479165542106e+00,-2.481979073306443340e+01
3.323524617968844268e+03,-2.669430995821381103e+00,-2.194708980408839594e+01
3.572397997502419457e+03,-2.671830782258863834e+00,-2.457085546613771854e+01
3.570952715985493342e+03,-2.713702062836030215e+00,-2.448674191118882959e+01
3.186452235419872977e+03,-3.010533375210773688e+00,-1.506582079969302335e+01
3.879362471635141446e+03,-3.778743779162925254e+00,-1.096948567163421373e+01
2.781948057052081253e+02,-5.726843270773809280e+00,-2.003885834227639506e+01
5.986354412163952929e+02,-5.947301963427817029e+00,-2.421283823647543088e+01
5.814731835028848081e+02,-6.408634531035099613e+00,-2.443189703170002147e+01
8.517745994465113881e+02,-5.920257610218214062e+00,-1.212262477077040579e+01
4.470551036014789474e+02,-5.955744368667164501e+00,-2.498396330894531303e+01
8.775127411228801293e+02,-6.168389778733446072e+00,-1.108390279179886662e+01
3.758844203372235029e+02,-5.993265993515115575e+00,-2.322007471330557138e+01
1.270468494542848248e+02,-5.393770163877405821e+00,-1.086991094715500061e+01
1.333344071891226861e+02,-6.483091676002167958e+00,-1.125968387459271725e+01
2.249823077681021744e+02,-6.197440471234771486e+00,-1.732502689010252794e+01
3.798068150598589199e+01,-5.957227874692121894e+00,-3.603498824270630507e+00
7.989225110914946981e+02,-5.762003038338407102e+00,-1.590937443545573871e+01
8.695935023361143976e+02,-5.548436690942425642e+00,-1.140439407104712721e+01
1.336637506252275216e+02,-6.351160553982870383e+00,-1.118653010413831517e+01
1.640923618655340306e+02,-5.645445639199175858e+00,-1.390032958093860138e+01
1.728601877270824616e+02,-6.162286673644182144e+00,-1.460189565312912485e+01
6.153367065085543572e+02,-5.904441386488150201e+00,-2.370315608276133545e+01
4.842144506603924015e+01,-6.052415634969096736e+00,-4.852363106539097082e+00
9.344149482201405590e+02,-6.063979146389590902e+00,-5.978928259536733236e+00
9.738452177118699638e+02,-5.967077228022175106e+00,-2.313354070888275160e+00
1.193193739545465064e+02,-5.894888848703378592e+00,-1.009531339903696434e+01
7.323562428315727857e+02,-5.767157179453413107e+00,-1.946434530112342642e+01
3.885262705055864103e+02,-5.962086195156771851e+00,-2.410937705809323361e+01
1.891444853456162036e+02,-5.866095114473663052e+00,-1.522324457080195614e+01
6.772278123987374556e+02,-6.565264470622929061e+00,-2.231953913168450043e+01
1.215260133546822630e+02,-5.758055064212629581e+00,-1.071577953608473344e+01
5.440495342367270837e+01,-5.855850027033386418e+00,-4.797962826845955320e+00
2.019365351348175182e+02,-5.922247117277200879e+00,-1.589057766715533404e+01
2.309825573848146973e+02,-6.095262404748036822e+00,-1.781983748083671060e+01
2.319496143305851188e+00,-6.103206810177670860e+00,-2.615168548523772452e-01
3.346802926132630063e+01,-5.387850416836485579e+00,-3.195190154587777442e+00
1.633218188689099577e+02,-6.178968017093598775e+00,-1.403962774882648823e+01
6.876031266316274468e+02,-6.134108680880022924e+00,-2.185127327692013566e+01
9.992524549310211341e+02,-5.723614206718604436e+00,-4.304676191655799067e-01
5.003625394054038225e+02,-5.900483523935569075e+00,-2.482584180552829523e+01
5.524805833136662159e+02,-6.409602388183962773e+00,-2.462422953459799402e+01
1.500018850256337828e+02,-5.992587007905257224e+00,-1.243282877680677423e+01
4.163789166074003560e+02,-6.144503058900988357e+00,-2.455306454335220678e+01
4.610667533214348737e+02,-6.107401904692055794e+00,-2.486729926868521900e+01
5.455650490595237443e+02,-6.079251723939283814e+00,-2.498925336681664078e+01
9.991571229132061305e+00,-5.825648271511099097e+00,-1.150663953885534774e+00
5.880816046669369825e+02,-5.997623052585132619e+00,-2.482457999161075435e+01
4.473457876668899189e+02,-5.896945669741018747e+00,-2.450233978051260308e+01
9.559381095847858489e+01,-5.938816919741870315e+00,-8.567551857625424816e+00
1.762000263897937771e+02,-6.267429360745619960e+00,-1.447515612781893424e+01
3.805951742800326087e+01,-6.415197806325023677e+00,-3.200403130036239219e+00
7.832530240922151279e+02,-5.756140814605501532e+00,-1.700557019085479737e+01
2.851313190455135214e+02,-5.830221440307798986e+00,-1.999658482427134487e+01
8.893233127115905745e+01,-6.354194202534898750e+00,-8.132455648149443661e+00
8.278453144876383476e+02,-5.587379143611936883e+00,-1.395939694139972431e+01
4.359458361450123220e+02,-5.982821201137182854e+00,-2.491090270296035669e+01
1.512996003136176739e+02,-6.253708568338798734e+00,-1.286220352580660276e+01
6.272734298256991678e+02,-5.908730744390617851e+00,-2.310553407674684223e+01
4.040594514265837347e+02,-6.107244908960854701e+00,-2.393575750807831071e+01
2.195278562488423688e+02,-6.447160321316989240e+00,-1.701708181512540818e+01
3.189353289039365791e+02,-5.670373939439391719e+00,-2.187001443787568178e+01
3.979661616587288364e+01,-5.847009912344877769e+00,-3.870706938966550492e+00
9.451881196616482157e+02,-6.192777341323643547e+00,-4.841075757717685057e+00
1.070071061649628916e+02,-5.727183310305191455e+00,-9.948844547840595354e+00
8.168611425531415762e+02,-5.916010913070105737e+00,-1.485935148596733590e+01
7.653732437847960455e+02,-5.882954865257777222e+00,-1.755534863873507945e+01
1.645320240827262239e+02,-6.507822563604381827e+00,-1.397401669028091220e+01
7.839500934880180694e+01,-5.861768716339424756e+00,-7.068061204689516153e+00
7.049387779961157321e+02,-6.066426585182406406e+00,-2.109481292235982508e+01
9.679684799089270655e+02,-5.764646746028256885e+00,-2.953733271426463247e+00
1.476909805429744722e+02,-6.434914851391178914e+00,-1.233642197743655977e+01
7.062095092812052144e+02,-6.097758575307793194e+00,-2.102297063972122615e+01
1.875130833643334825e+02,-6.304477393165611510e+00,-1.538294246836977663e+01
3.121632105416700256e+02,-6.020025345968543995e+00,-2.203319427570054145e+01
1.268804556180505330e+02,-5.788002357392891817e+00,-1.119252293903307560e+01
5.481448500276499658e+01,-6.018199663707336278e+00,-5.601787828679966275e+00
9.929519052285737644e+02,-6.026251756390250236e+00,-6.808413205853478534e-01
7.669220455876182996e+02,-5.875401061822230986e+00,-1.810248529673563667e+01
7.089311134707926065e+00,-6.254955266131285718e+00,-6.614882020876637903e-01
1.259785207717980740e+02,-6.086720633094976129e+00,-1.086479999419712605e+01
9.449164058513909481e+01,-6.145257798173040520e+00,-8.713098860398604373e+00
8.408927521560826790e+02,-6.412613825114466870e+00,-1.364785151397163787e+01
6.146118068653554474e+02,-5.874240929035924985e+00,-2.354460572588873646e+01
7.862649986195580141e+02,-6.011462672104919136e+00,-1.687633859148257898e+01
5.936650744283109589e+02,-6.604780238262923930e+00,-2.371487858999129728e+01
8.918328298936150986e+02,-5.943782419154386432e+00,-9.242098828921857745e+00
1.005164916289370467e+02,-6.029034965215848807e+00,-8.620065871154409365e+00
6.103199861871324856e+02,-6.352443581831614061e+00,-2.418350539710555225e+01
8.786855916476853281e+02,-5.723654036741500306e+00,-1.027697318131234283e+01
9.215119751434293676e+02,-5.736865291781958476e+00,-7.541675797788979452e+00
2.473624594032780806e+02,-5.727177068170043128e+00,-1.869048607332111445e+01
3.038736592344375254e+02,-6.236070210724294682e+00,-2.113750155255872087e+01
2.115934821243768056e+02,-5.540664453880186358e+00,-1.656040467383082770e+01
5.185467816863306325e+02,-6.038230428908645919e+00,-2.490518915641256115e+01
5.379093785397216720e+01,-6.022048256448063519e+00,-5.245533711915394193e+00
3.839745016054442885e+02,-5.841924411880614620e+00,-2.379513959178628468e+01
7.075597240529798455e+02,-5.988774229400892324e+00,-2.058874691127210710e+01
8.083764566523350368e+02,-5.904740878148873051e+00,-1.554644139788702795e+01
9.665085548805074041e+02,-6.418402024426119290e+00,-2.939993280766874939e+00
2.385911287869112698e+02,-5.767283464593619513e+00,-1.834956471377041964e+01
3.637883486256917109e+01,-5.762453442630254052e+00,-3.277009777576612048e+00
9.104153575280172390e+02,-5.897157501266002910e+00,-8.552769366529702211e+00
6.363854735160308564e+02,-5.736471657754488973e+00,-2.355133021481351818e+01
1.257357685843376629e+02,-5.923220030839246419e+00,-1.093220877548413661e+01
8.881291172982116677e+02,-6.007131663207657013e+00,-9.753423374080115948e+00
1.548508477845008656e+03,-5.867177735148177753e+00,-2.479756593674268572e+01
1.823821660149802938e+03,-6.273317997630523557e+00,-1.445128856790469740e+01
1.974931530674356054e+03,-6.007027386655828138e+00,-2.659016309435970005e+00
1.802384359737644218e+03,-5.736469516482625153e+00,-1.550803007203232831e+01
1.179239685407060279e+03,-6.096462547542679467e+00,-1.462431937724500663e+01
1.308310754449974411e+03,-6.698407168452118476e+00,-2.142775998317067732e+01
1.385329729096875781e+03,-5.961371131033969206e+00,-2.342693711372497489e+01
1.753736748504254138e+03,-6.046553885323614708e+00,-1.850806201932870465e+01
1.475971727520489821e+03,-5.820894720206639228e+00,-2.477101950645469586e+01
1.756295926945449082e+03,-6.021964095052345201e+00,-1.838461493833375471e+01
1.409446432613727438e+03,-6.459405738367755667e+00,-2.464764879064347269e+01
1.548256175800592246e+03,-5.665238121974264907e+00,-2.458325116927776222e+01
1.737026892397855590e+03,-6.033334725312597513e+00,-1.903732012583645172e+01
1.351060264575283782e+03,-6.427422497668181300e+00,-2.288018041084588816e+01
1.199487368418766437e+03,-6.483358001486035249e+00,-1.646384811164886841e+01
1.176450615284217292e+03,-6.234857634595127429e+00,-1.484390265330153191e+01
1.368396122713245859e+03,-6.238910008494336523e+00,-2.368776770160929956e+01
1.657911911445968144e+03,-5.904074357836394782e+00,-2.273242404714725495e+01
1.801008002838753328e+03,-5.816565126132092090e+00,-1.649111540701654732e+01
1.656875790938853697e+03,-5.621992559984386517e+00,-2.257177099267072151e+01
1.073541767954002353e+03,-6.149084731994654440e+00,-7.227852546696847291e+00
1.513350030512012154e+03,-6.208924388377302428e+00,-2.491772213024760418e+01
1.495841420894981184e+03,-6.120050321589419084e+00,-2.509189649983451531e+01
1.123874234611773545e+03,-6.042695792139752164e+00,-1.099180407359964207e+01
1.196466935737419135e+03,-5.846688453681287534e+00,-1.563046089726138810e+01
1.651782560123846906e+03,-5.493429029790643625e+00,-2.241193838902272262e+01
1.496302875223941783e+03,-5.282953991871814026e+00,-2.514696166505867581e+01
1.036699088336623845e+03,-6.238800169345735114e+00,-3.587400976926943041e+00
1.609478774158310443e+03,-5.642625607539393684e+00,-2.397908446963436546e+01
1.864150017041856700e+03,-6.096560016448083985e+00,-1.170043563473801207e+01
1.784974032424268444e+03,-5.851600650517561064e+00,-1.661702149199361855e+01
1.323778944908995072e+03,-5.827697511758614723e+00,-2.164277096129963951e+01
1.558887635236701954e+03,-6.402409201546739759e+00,-2.476156162117297299e+01
1.884660238271480694e+03,-6.122478852289646944e+00,-1.009537023874398010e+01
1.240309290515105431e+03,-6.097828753609038976e+00,-1.795704895058366901e+01
1.617927605116883115e+03,-6.210955709922755474e+00,-2.319250167251511385e+01
1.421309599652636507e+03,-5.712503010686935667e+00,-2.420463292471984573e+01
1.854050930388202232e+03,-6.079864863024694088e+00,-1.278264202630523449e+01
1.862016552713184865e+03,-6.193380418630401785e+00,-1.188933583787052406e+01
1.045479613990440839e+03,-6.119285294332614811e+00,-4.440773035286394332e+00
1.977492173507867847e+03,-5.620101704041172930e+00,-1.916828029384078480e+00
1.537512095418979698e+03,-5.617128849308511640e+00,-2.480147388421682919e+01
1.533723933014464365e+03,-6.000504980383766451e+00,-2.470130522317420940e+01
1.554198163731452269e+03,-6.425391815101220594e+00,-2.527835858558738380e+01
1.312323239051455175e+03,-6.103433219704136548e+00,-2.098074074193288752e+01
1.754545895272876123e+03,-6.192885898355461549e+00,-1.924016973755184168e+01
1.846445532923271458e+03,-5.777349943043873282e+00,-1.313638444717144260e+01
1.465748432594763472e+03,-5.376823147668651437e+00,-2.478217522368122161e+01
1.798981697347970339e+03,-5.589219257473002855e+00,-1.589975478390880781e+01
1.383907274054959998e+03,-6.266252599883110896e+00,-2.386862017957345827e+01
1.657824143120845292e+03,-5.972798012256301803e+00,-2.254351505753885476e+01
1.352222735096777342e+03,-6.238993909292770645e+00,-2.226624014694509768e+01
1.322758133788740452e+03,-5.954301190650662434e+00,-2.178802506408644035e+01
1.787505865583287687e+03,-6.359246438518971978e+00,-1.683580300422973863e+01
1.390103898681668170e+03,-6.207355588131720836e+00,-2.377066799259149832e+01
1.817972906357452302e+03,-5.805729440919769502e+00,-1.462920954649653105e+01
1.732839961125737091e+03,-5.941580472039026617e+00,-1.944914734210535912e+01
1.577002590054238453e+03,-6.023339419628223723e+00,-2.463809922708799149e+01
1.808250216650292941e+03,-6.029087018878252380e+00,-1.566519736718459654e+01
1.912478090542440896e+03,-5.809267071876909938e+00,-7.945658638335753032e+00
1.949625979947469659e+03,-6.280703037416455636e+00,-4.457971233406544442e+00
1.935207067876164274e+03,-6.353484589026446194e+00,-6.293277476066474918e+00
1.768354708438504531e+03,-5.617928087175272367e+00,-1.716762662541156459e+01
1.983389463313741089e+03,-6.106312969526220158e+00,-2.008780661698402525e+00
1.068011473094212533e+03,-5.892819151744413730e+00,-6.348910801503058643e+00
1.386068553201602072e+03,-6.138483340621256446e+00,-2.387173004202983861e+01
1.953488321057353005e+03,-5.737191487412613533e+00,-4.400682598466866935e+00
1.358695267618796606e+03,-5.849362583358473699e+00,-2.293728567543536556e+01
1.668258701796718015e+03,-6.141679130528092223e+00,-2.206402596565798291e+01
1.949627208733217230e+03,-5.727090951330486845e+00,-4.574989598546441272e+00
1.197545803125600060e+03,-5.907721400509318599e+00,-1.609617087499036359e+01
1.590037886441908995e+03,-5.783160855986354321e+00,-2.437931536189626058e+01
1.733094523854091676e+03,-5.646964687045503695e+00,-1.908154362335535836e+01
1.799284790124170058e+03,-6.230220541459817518e+00,-1.580648883363936541e+01
1.455045106834834314e+03,-6.361172591756970363e+00,-2.497282031124677815e+01
1.656670961029916043e+03,-6.094265374781761224e+00,-2.265724479402113900e+01
1.702085624447658574e+03,-5.589025856353630139e+00,-2.089279670139740475e+01
1.863852698512750521e+03,-5.872279810793901156e+00,-1.176393474148030904e+01
1.441366238036637924e+03,-6.045855912893699724e+00,-2.503331676678131856e+01
1.519145102712147491e+03,-5.617218235438565799e+00,-2.500859449711882476e+01
1.815141780017524297e+03,-6.041082524987761104e+00,-1.510825282000080882e+01
1.992863197957269222e+03,-6.110994834650536944e+00,-6.860004628733501475e-01
1.787992755156147041e+03,-6.631869331536408119e+00,-1.670848800239349785e+01
1.313442559754246759e+03,-5.740679039796519056e+00,-2.137917159126514122e+01
1.245374189191611777e+03,-5.516732155205277266e+00,-1.830387437141810381e+01
1.462040829150921354e+03,-6.391921166703390611e+00,-2.522637879773404279e+01
1.825327587804255472e+03,-6.217238997690743396e+00,-1.458530026742730712e+01
1.614972786625098479e+03,-5.653144494715133916e+00,-2.363120137072104754e+01
1.751480801654343850e+03,-5.766717183954640724e+00,-1.853123111524499578e+01
1.996980354664972538e+03,-6.171492239417315950e+00,-2.607341439206891653e-01
1.281765782307265908e+03,-5.628399785697506097e+00,-1.985625276204122258e+01
1.669008383948504616e+03,-6.113493515167339076e+00,-2.241027465834493526e+01
1.702852323829258012e+03,-5.849952424648307669e+00,-2.075987856546585775e+01
1.612274770453607289e+03,-6.127242709769443962e+00,-2.335409493353655108e+01
1.160477492961755615e+03,-5.926412258500678654e+00,-1.367592737773786915e+01
1.592605031395812603e+03,-5.774566527837517782e+00,-2.421581413207856670e+01
1.138982952929500698e+03,-6.022767143147858881e+00,-1.177374167597967158e+01
1.980235718844334315e+03,-5.977155455291236485e+00,-2.019852842254303837e+00
1.873782000491828057e+03,-6.209073741461498486e+00,-1.090070009125842709e+01
1.637648677192042214e+03,-5.999404902311177956e+00,-2.311834566937204372e+01
2.077817707914386574e+03,-5.964992575255860352e+00,-7.146218945095405672e+00
2.225233138360735666e+03,-6.146317528826264365e+00,-1.717525222126155526e+01
2.907468603514229926e+03,-5.706652346073941118e+00,-8.133511436166385167e+00
2.492853810950481602e+03,-6.254292153806952470e+00,-2.503430100799193880e+01
2.392628042140521302e+03,-5.910164382086893653e+00,-2.393291892373710184e+01
2.358008482431131142e+03,-5.836462811477894697e+00,-2.294260615394873426e+01
2.048657863565403659e+03,-5.777645920051246442e+00,-4.665421091300538059e+00
2.292594816256124432e+03,-5.834629503687511765e+00,-2.095843051525300993e+01
2.629593736302158959e+03,-6.124319500947883022e+00,-2.361748442094595291e+01
2.247615215107731728e+03,-5.997915835931894257e+00,-1.856921282314898392e+01
2.967477802384048573e+03,-6.353914711818459793e+00,-3.053206771044284284e+00
2.806201158114769896e+03,-5.609682315501268945e+00,-1.584215146813662756e+01
2.045039854669043734e+03,-6.078464264344058954e+00,-4.127448163334555886e+00
2.173137522375652679e+03,-5.981600315308358340e+00,-1.471342237755823668e+01
2.400288892122531706e+03,-6.202122828954909295e+00,-2.382972330481594980e+01
2.904552785633850817e+03,-5.952225209407695949e+00,-8.564767981006379927e+00
2.094261929823708215e+03,-6.256793761611781690e+00,-9.122403441382228806e+00
2.325131879633777771e+03,-6.196029405531646717e+00,-2.149004250868206611e+01
2.843063460139916515e+03,-6.243432186334817224e+00,-1.345694450053742663e+01
2.069634215116241194e+03,-6.237305383697376193e+00,-6.441671464518448964e+00
2.335391312960236064e+03,-5.890414959479428170e+00,-2.208876473852068045e+01
2.303480497454453598e+03,-5.970591973609160164e+00,-2.100177353825623072e+01
2.646427090495232733e+03,-6.064959293203436630e+00,-2.278568773078401222e+01
2.545141344439375189e+03,-5.925112592371257314e+00,-2.481303844720618557e+01
2.476842321695147803e+03,-6.019092401219707789e+00,-2.477617645726059692e+01
2.060894616688204223e+03,-6.155733700188050328e+00,-5.682222321706484003e+00
2.774760650657559836e+03,-5.771391019440412329e+00,-1.768238966162493142e+01
2.237543144882648903e+03,-6.057332178511552812e+00,-1.826781480021367443e+01
2.483882521450930653e+03,-6.506396790413395692e+00,-2.501092981820083594e+01
2.460845519577956566e+03,-5.728490636923055490e+00,-2.469813528951623383e+01
2.141773500773155774e+03,-5.672249956349966205e+00,-1.202220271677574637e+01
2.143792572404462589e+03,-6.207591702028133263e+00,-1.234220552878262112e+01
2.516795893085124590e+03,-5.856526607408584439e+00,-2.514328657159213520e+01
2.624497180250690690e+03,-6.058665853182212402e+00,-2.343690423813824708e+01
2.655937391629076956e+03,-5.785906615095273153e+00,-2.222992059771020124e+01
2.704476311278026515e+03,-6.374955239190994938e+00,-2.109203538789852317e+01
2.432641887493637569e+03,-5.902629064870743569e+00,-2.454202076231468865e+01
2.948684418643544632e+03,-5.916831389593856017e+00,-4.610265490432152724e+00
2.828649490977465575e+03,-5.602329150264700353e+00,-1.383739313136798366e+01
2.579402202568836856e+03,-6.055042274635844990e+00,-2.418115872228014140e+01
2.300846004252673083e+03,-5.836043358161477457e+00,-2.103730771309434644e+01
2.863030043901612316e+03,-5.738643105618333351e+00,-1.199952293379663359e+01
2.422301749781910075e+03,-6.172870814392259931e+00,-2.409605306844938966e+01
2.017241091536582189e+03,-6.023432429690017464e+00,-1.307345582945779849e+00
2.931042533213778370e+03,-6.107841704063960542e+00,-6.276763849648600235e+00
2.301822222185345709e+03,-6.052720663626363518e+00,-2.131974393211542207e+01
2.588131647264490311e+03,-6.317219817663631609e+00,-2.441795887141561039e+01
2.478299246118974224e+03,-5.810294416372228987e+00,-2.508039873963245370e+01
2.222084450785780064e+03,-6.090159187161934717e+00,-1.688046683683101534e+01
2.926916128893259156e+03,-6.027551462716090214e+00,-7.198251475260787124e+00
2.616577527926897346e+03,-6.066058655508155262e+00,-2.356990953287347068e+01
2.647119204803005232e+03,-6.069537640722874272e+00,-2.291979551752616118e+01
2.876660060963589331e+03,-6.232317181416607177e+00,-1.062987457292194904e+01
2.437024765255927377e+03,-6.120769708297808087e+00,-2.449036305986363260e+01
2.235128746792688617e+03,-6.109583527131575487e+00,-1.824531950909306843e+01
2.820811680797902682e+03,-6.174459654875242620e+00,-1.448301342585411966e+01
2.183306397959818696e+03,-6.066344863283632094e+00,-1.470573193437681603e+01
2.754711588059417863e+03,-6.066111007914234854e+00,-1.837475316637928557e+01
2.681686726612791517e+03,-5.960430339594930516e+00,-2.196685942126435620e+01
2.862753701010682562e+03,-5.581945259906953893e+00,-1.160653193315221188e+01
2.543521213009352323e+03,-6.440232682885207005e+00,-2.472531379309073074e+01
2.231707884451041537e+03,-6.299790012566083064e+00,-1.802339885048632340e+01
2.603625305090129586e+03,-6.674718051897808202e+00,-2.394084333786597796e+01
2.202301639218956552e+03,-5.653727785717799215e+00,-1.615406731787819794e+01
2.249607539152360459e+03,-5.961904520878810843e+00,-1.863012360583336147e+01
2.238558943709832420e+03,-5.957982513922986278e+00,-1.795247421560412349e+01
2.341051952418352812e+03,-6.281713943504737330e+00,-2.282083010618936214e+01
2.240644216605211113e+03,-6.098344363609459862e+00,-1.870126359932120863e+01
2.639225106519410474e+03,-6.381699844261764731e+00,-2.286343727161310468e+01
2.159035591193499840e+03,-6.230855501126629115e+00,-1.340189023480271047e+01
2.035749637782296531e+03,-6.149569114554229721e+00,-3.652438802822987274e+00
2.723040513465309232e+03,-6.328847963153188871e+00,-1.997781640645488821e+01
2.142261391705033930e+03,-6.063360823434855718e+00,-1.249678247517314666e+01
2.526763142041997980e+03,-5.773363101587098534e+00,-2.489588182440206054e+01
2.622825966289758071e+03,-5.900838614422489137e+00,-2.346739884964223677e+01
2.396280042923148358e+03,-5.823010622790299351e+00,-2.383762774560099018e+01
2.777995797244392634e+03,-5.941931653173653238e+00,-1.741989054015068561e+01
2.351876651929471791e+03,-5.978913136927263672e+00,-2.316829958171138060e+01
2.629389992519430962e+03,-6.013542171543767800e+00,-2.386496849013948562e+01
2.599817849719931019e+03,-6.583758779057895971e+00,-2.427688175136680826e+01
2.768162348981160449e+03,-6.202821278758221979e+00,-1.801583468232065499e+01
2.578832407363956463e+03,-5.986955052399268062e+00,-2.444258082211409189e+01
2.412993157378420165e+03,-5.565645230644362229e+00,-2.422344244797140433e+01
2.717579892330517396e+03,-6.011578533383715062e+00,-2.039273489466165046e+01
2.536995361965562097e+03,-6.213326639637421600e+00,-2.484218023737519587e+01
2.561149033342857365e+03,-5.988359264306045482e+00,-2.446846572347518034e+01
2.225638884488060285e+03,-5.998654715545516325e+00,-1.763659129313299445e+01
2.288041535388431839e+03,-6.056211376563269688e+00,-2.034559685360982328e+01
2.723474625202762581e+03,-5.905869302695933243e+00,-2.003795510384579259e+01
2.093225024416675296e+03,-6.011698241583347979e+00,-8.237996741851917548e+00
2.668529883886497373e+03,-5.404640070137245011e+00,-2.234077804530227240e+01
2.778078880005699375e+03,-6.335182346985644308e+00,-1.688127381652943626e+01
2.698490087120017506e+03,-6.008594442638708344e+00,-2.098727539740903936e+01
2.404259706432296753e+03,-6.086208307284936225e+00,-2.447147025630145833e+01
2.263986690346551768e+03,-5.972099373271526623e+00,-1.931650914893953441e+01
2.173483668498131919e+03,-5.808881910963930473e+00,-1.420379542806774076e+01
2.512473053664060899e+03,-6.237996421807737946e+00,-2.526228857690286134e+01
2.667680893779258440e+03,-5.983369211481592842e+00,-2.231024398612399651e+01
2.487078781553633235e+03,-5.916699836750420438e+00,-2.490307832823984313e+01
2.545908792996800912e+03,-5.975754846843603474e+00,-2.485190631466396383e+01
3.345771850201977031e+03,-5.941922729571153639e+00,-2.248208906264950002e+01
3.912791122750055365e+03,-6.121451366308473752e+00,-7.618918953329786525e+00
3.983618454756057872e+03,-6.234511611971202072e+00,-2.042407076806850519e+00
3.925334140279457188e+03,-6.621966450899838819e+00,-7.126705392807009432e+00
3.252890668613654725e+03,-6.085511971550880972e+00,-1.845311648000219051e+01
3.718367949476074955e+03,-6.131017862014988218e+00,-2.017732571336396674e+01
3.258313435340978231e+03,-6.064490912696190783e+00,-1.934076614722872378e+01
3.429449896166727740e+03,-5.753130992756952722e+00,-2.483168562888760889e+01
3.897092209824032579e+03,-5.661573932740437520e+00,-8.780592163010911833e+00
3.874484832887237189e+03,-6.011210122689297997e+00,-1.088815122702256488e+01
3.538301853423255579e+03,-6.074357927154529158e+00,-2.476112494173191081e+01
3.328950337884853070e+03,-6.251829578806046506e+00,-2.246093837132812965e+01
3.240667299049127905e+03,-6.036502988942486603e+00,-1.825341602577695355e+01
3.698847114631906152e+03,-6.242156584124375129e+00,-2.092391113428395144e+01
3.849695063223675334e+03,-6.111614334079138011e+00,-1.262178811745815743e+01
3.312053947457296545e+03,-6.428080393148758453e+00,-2.146643285147124658e+01
3.942124040310819510e+03,-5.824668542686483264e+00,-5.212431914756622042e+00
3.296050965676585292e+03,-5.601000447808910820e+00,-2.078585807753917436e+01
3.571847437794413509e+03,-6.133411879835885649e+00,-2.466168998472866747e+01
3.649903452909630687e+03,-5.964303920597335384e+00,-2.253951990251519533e+01
3.635470865868272540e+03,-6.326656731189975069e+00,-2.340060766639769341e+01
3.491440683630783496e+03,-5.757348127266232574e+00,-2.496390364103993775e+01
3.282864994413356726e+03,-6.081194203939323195e+00,-2.052468121704870541e+01
3.781793730059576319e+03,-6.300253023094740890e+00,-1.750607625992585881e+01
3.996641305827581618e+03,-6.056374085970945842e+00,-4.929881439512232566e-01
3.962613807468163031e+03,-5.884248349968991931e+00,-3.452533996754339807e+00
3.108362459292653512e+03,-5.833520847697259981e+00,-9.730379721904693469e+00
3.128763413871055036e+03,-5.529871253238004769e+00,-1.139062635908869403e+01
3.596327070171987543e+03,-5.886047836524729959e+00,-2.396698681477630544e+01
3.632944045057476160e+03,-5.854023639768739073e+00,-2.358349019841761063e+01
3.039571206153680578e+03,-5.853256483656809728e+00,-3.700782806546528469e+00
3.022671733815822790e+03,-5.713377150483698763e+00,-2.274234187594417200e+00
3.307796127455790156e+03,-6.041345639372289078e+00,-2.143591955725442588e+01
3.459102258739793797e+03,-5.837161029365700138e+00,-2.455290451630036230e+01
3.721970342378845544e+03,-5.770244875927909689e+00,-1.981875763296338278e+01
3.478872681396073858e+03,-5.991141246341560311e+00,-2.485985666316105025e+01
3.363626774460031356e+03,-5.961787211765066097e+00,-2.361352728805718471e+01
3.881360273293891169e+03,-6.086786834194673368e+00,-1.025952130675949725e+01
3.295058194990967422e+03,-6.111617573388790525e+00,-2.065711107974065897e+01
3.133471657526491981e+03,-6.211861120919017765e+00,-1.152007100550282104e+01
3.534466727781180452e+03,-5.635046076969043582e+00,-2.449746303493623856e+01
3.033268357939765792e+03,-6.136785187767342720e+00,-3.251322581914751098e+00
3.870753866505055157e+03,-6.308111426340291317e+00,-1.135746935937705082e+01
3.075056313751539619e+03,-5.565133839817074879e+00,-7.035834856269913118e+00
3.430127441587247176e+03,-5.579479334779159139e+00,-2.441040294501332752e+01
3.903216323160545471e+03,-5.762803327599104186e+00,-8.861885734638404344e+00
3.812283919160807727e+03,-5.748935897360130554e+00,-1.532233154133533759e+01
3.574255671409069691e+03,-5.610361935318323390e+00,-2.419214398840324876e+01
3.783179429774196251e+03,-5.830711994771927031e+00,-1.684403274252273874e+01
3.615297437375184927e+03,-5.512876999878520756e+00,-2.344947200261969300e+01
3.967008206857444748e+03,-6.246940831305699326e+00,-3.404240501855188228e+00
3.530718787791739487e+03,-5.781438185095507443e+00,-2.485786484622031978e+01
3.942539204083771438e+03,-6.116922423369370421e+00,-5.719454755066032625e+00
3.830155014166983165e+03,-5.788123696130404561e+00,-1.421316498470616985e+01
3.599741067587978250e+03,-6.213037958171550024e+00,-2.411915126036451440e+01
3.052873576302406491e+03,-5.862609407429559383e+00,-4.954219773345616140e+00
3.372465128309379907e+03,-6.027740146894830175e+00,-2.351751397886559403e+01
3.642236632829335122e+03,-5.973922955456567152e+00,-2.303992420970729427e+01
3.635702689361988178e+03,-5.943394117106874042e+00,-2.320374480399108563e+01
3.455483142978491742e+03,-6.123180357924321804e+00,-2.498939370127241588e+01
3.292797936007179487e+03,-6.296377047653598957e+00,-2.067730764163491131e+01
3.147773118865795368e+03,-6.005941473541910547e+00,-1.286102399083752346e+01
3.277760379807390564e+03,-5.947568098589066210e+00,-2.060978157200911909e+01
3.938002960481001537e+03,-6.467688729851984064e+00,-5.886413505386559386e+00
3.452608409251423836e+03,-5.803215440713628936e+00,-2.476460936325817741e+01
3.782363094760301465e+03,-6.356210728254516162e+00,-1.690367464240305750e+01
3.718432120727033180e+03,-5.952660779557954918e+00,-1.994111427715586160e+01
3.915330963032118234e+03,-6.296616605762004326e+00,-7.805824918177189709e+00
3.145404331826449379e+03,-5.948874972947645112e+00,-1.253808793042570535e+01
3.749261540169813088e+03,-6.020994465304080556e+00,-1.846858764739107883e+01
3.441050287060516439e+03,-6.498730666019850943e+00,-2.501966667998083693e+01
3.898799192210905403e+03,-6.107990535162922896e+00,-9.340022858308151044e+00
3.335950596696356115e+03,-5.743234857024099860e+00,-2.210213805522073827e+01
3.294510616174677125e+03,-5.781315364826462577e+00,-2.082871861742805208e+01
3.336461584228139145e+03,-5.848292182260899530e+00,-2.201569897000667808e+01
3.660396957193232993e+03,-6.331987502455791450e+00,-2.206686941387686574e+01
3.503629518444121004e+03,-5.920823301606191080e+00,-2.475492702271997203e+01
3.866120377455321886e+03,-5.715607680341316055e+00,-1.206896431713021478e+01
3.330760370678319759e+03,-6.332645641546127635e+00,-2.228406648032487425e+01
3.534359414570849367e+03,-6.219089605698965073e+00,-2.452903915964932224e+01
3.955653982577979150e+03,-5.954046501247365342e+00,-3.781567270389406321e+00
3.157631150132478524e+03,-6.118973224655332999e+00,-1.305121351767137305e+01
3.262576053026336467e+03,-5.863136509725891621e+00,-1.900694264227539776e+01
3.155187763566803369e+03,-6.330184021770548064e+00,-1.319231087070576436e+01
3.587422668618165972e+03,-5.993208782317173799e+00,-2.437319762018567104e+01
3.348066442333546092e+03,-5.822203174597769149e+00,-2.311438728311485136e+01
3.818879661948023113e+03,-6.617897024092959768e+00,-1.468534786909627421e+01
3.027471822779802096e+03,-6.061362610646946258e+00,-2.449794352127524721e+00
3.136682931430191275e+03,-5.786829135776232924e+00,-1.178333186825364542e+01
3.257811499935587563e+03,-6.109695999229352914e+00,-1.913812653719608647e+01
3.423141930537211920e+03,-5.775342204808479707e+00,-2.457159048854236971e+01
3.235113216536037271e+03,-5.975167359684040669e+00,-1.817477175088511743e+01
3.518053482915527184e+03,-6.198835811226829584e+00,-2.472428254657978641e+01
3.900488996644452527e+03,-6.155028389733843142e+00,-8.786124627387913222e+00
3.508752775481910703e+03,-5.731953974277458563e+00,-2.521930037985965001e+01
3.827576777033249527e+03,-5.831951448596788268e+00,-1.432644260815808757e+01
3.519763080357117360e+03,-6.283240268897368530e+00,-2.500594418737577129e+01
3.896658422953720674e+03,-6.091523196809377261e+00,-9.190541846811431270e+00
3.648528741788877596e+03,-5.641626333073596733e+00,-2.305478967828339876e+01
3.964044238162498459e+03,-6.643356636581971841e+00,-3.639848799013672309e+00
